/*
 Navicat Premium Data Transfer

 Source Server         : MySQL
 Source Server Type    : MySQL
 Source Server Version : 80022
 Source Host           : localhost:3306
 Source Schema         : image

 Target Server Type    : MySQL
 Target Server Version : 80022
 File Encoding         : 65001

 Date: 23/05/2022 21:22:04
*/

SET NAMES utf8mb4;
SET FOREIGN_KEY_CHECKS = 0;

-- ----------------------------
-- Table structure for comment
-- ----------------------------
DROP TABLE IF EXISTS `comment`;
CREATE TABLE `comment`  (
  `cid` int(0) NOT NULL AUTO_INCREMENT,
  `parentid` int(0) NULL DEFAULT NULL COMMENT '上一级评论id',
  `content` varchar(255) CHARACTER SET utf8 COLLATE utf8_general_ci NULL DEFAULT NULL COMMENT '评论内容',
  `hid` varchar(255) CHARACTER SET utf8 COLLATE utf8_general_ci NULL DEFAULT NULL COMMENT '所归属图片id',
  `ischild` varchar(255) CHARACTER SET utf8 COLLATE utf8_general_ci NULL DEFAULT NULL COMMENT '是否含有子评论，没有就不往下找了，麻烦',
  `updateTime` timestamp(0) NULL DEFAULT CURRENT_TIMESTAMP(0) ON UPDATE CURRENT_TIMESTAMP(0),
  `createTime` timestamp(0) NULL DEFAULT CURRENT_TIMESTAMP(0),
  PRIMARY KEY (`cid`) USING BTREE,
  INDEX `hid`(`hid`) USING BTREE,
  CONSTRAINT `comment_ibfk_1` FOREIGN KEY (`hid`) REFERENCES `image` (`hid`) ON DELETE RESTRICT ON UPDATE RESTRICT
) ENGINE = InnoDB AUTO_INCREMENT = 1 CHARACTER SET = utf8 COLLATE = utf8_general_ci ROW_FORMAT = Dynamic;

-- ----------------------------
-- Records of comment
-- ----------------------------

-- ----------------------------
-- Table structure for concern
-- ----------------------------
DROP TABLE IF EXISTS `concern`;
CREATE TABLE `concern`  (
  `uid` varchar(20) CHARACTER SET utf8 COLLATE utf8_general_ci NOT NULL COMMENT '该用户id',
  `uuid` varchar(20) CHARACTER SET utf8 COLLATE utf8_general_ci NOT NULL COMMENT '该用户所关注用户id',
  `state` varchar(20) CHARACTER SET utf8 COLLATE utf8_general_ci NULL DEFAULT NULL,
  `updateTime` timestamp(0) NULL DEFAULT CURRENT_TIMESTAMP(0) ON UPDATE CURRENT_TIMESTAMP(0),
  `createTime` timestamp(0) NULL DEFAULT CURRENT_TIMESTAMP(0),
  PRIMARY KEY (`uid`, `uuid`) USING BTREE,
  INDEX `uuid`(`uuid`) USING BTREE,
  CONSTRAINT `concern_ibfk_1` FOREIGN KEY (`uid`) REFERENCES `userinfo` (`uid`) ON DELETE RESTRICT ON UPDATE RESTRICT,
  CONSTRAINT `concern_ibfk_2` FOREIGN KEY (`uuid`) REFERENCES `userinfo` (`uid`) ON DELETE RESTRICT ON UPDATE RESTRICT
) ENGINE = InnoDB CHARACTER SET = utf8 COLLATE = utf8_general_ci ROW_FORMAT = Dynamic;

-- ----------------------------
-- Records of concern
-- ----------------------------
INSERT INTO `concern` VALUES ('10011', 'admin', 'yes', '2022-04-29 16:37:22', '2022-04-29 16:37:22');

-- ----------------------------
-- Table structure for error
-- ----------------------------
DROP TABLE IF EXISTS `error`;
CREATE TABLE `error`  (
  `hid` varchar(20) CHARACTER SET utf8 COLLATE utf8_general_ci NOT NULL,
  `uid` varchar(20) CHARACTER SET utf8 COLLATE utf8_general_ci NOT NULL,
  `tag` varchar(20) CHARACTER SET utf8 COLLATE utf8_general_ci NOT NULL,
  `type` varchar(20) CHARACTER SET utf8 COLLATE utf8_general_ci NULL DEFAULT NULL,
  `description` varchar(255) CHARACTER SET utf8 COLLATE utf8_general_ci NULL DEFAULT NULL,
  `createTime` timestamp(0) NULL DEFAULT CURRENT_TIMESTAMP(0),
  PRIMARY KEY (`hid`, `uid`, `tag`) USING BTREE,
  INDEX `uid`(`uid`) USING BTREE,
  INDEX `tag`(`tag`) USING BTREE,
  CONSTRAINT `error_ibfk_1` FOREIGN KEY (`hid`) REFERENCES `image` (`hid`) ON DELETE RESTRICT ON UPDATE RESTRICT,
  CONSTRAINT `error_ibfk_2` FOREIGN KEY (`uid`) REFERENCES `userinfo` (`uid`) ON DELETE RESTRICT ON UPDATE RESTRICT,
  CONSTRAINT `error_ibfk_3` FOREIGN KEY (`tag`) REFERENCES `tags` (`tag`) ON DELETE RESTRICT ON UPDATE RESTRICT
) ENGINE = InnoDB CHARACTER SET = utf8 COLLATE = utf8_general_ci ROW_FORMAT = Dynamic;

-- ----------------------------
-- Records of error
-- ----------------------------

-- ----------------------------
-- Table structure for history
-- ----------------------------
DROP TABLE IF EXISTS `history`;
CREATE TABLE `history`  (
  `uid` varchar(20) CHARACTER SET utf8 COLLATE utf8_general_ci NOT NULL,
  `hid` varchar(255) CHARACTER SET utf8 COLLATE utf8_general_ci NOT NULL,
  `num` int(0) NULL DEFAULT NULL,
  `updateTime` timestamp(0) NULL DEFAULT CURRENT_TIMESTAMP(0) ON UPDATE CURRENT_TIMESTAMP(0),
  `createTime` timestamp(0) NULL DEFAULT CURRENT_TIMESTAMP(0),
  PRIMARY KEY (`uid`, `hid`) USING BTREE,
  INDEX `hid`(`hid`) USING BTREE,
  CONSTRAINT `history_ibfk_1` FOREIGN KEY (`uid`) REFERENCES `userinfo` (`uid`) ON DELETE RESTRICT ON UPDATE RESTRICT,
  CONSTRAINT `history_ibfk_2` FOREIGN KEY (`hid`) REFERENCES `image` (`hid`) ON DELETE RESTRICT ON UPDATE RESTRICT
) ENGINE = InnoDB CHARACTER SET = utf8 COLLATE = utf8_general_ci ROW_FORMAT = Dynamic;

-- ----------------------------
-- Records of history
-- ----------------------------
INSERT INTO `history` VALUES ('10010', '0000000010000000110111110111100011110110010100011100111111110100', 1, '2022-04-29 14:56:47', '2022-04-29 14:56:47');
INSERT INTO `history` VALUES ('10010', '0000000010010100001111101110110101010010111111001010001101111110', 1, '2022-04-29 14:56:44', '2022-04-29 14:56:44');
INSERT INTO `history` VALUES ('10010', '0000000010110101111100110000110011010010001011011001101010110000', 1, '2022-04-29 14:54:42', '2022-04-29 14:54:42');
INSERT INTO `history` VALUES ('10010', '0000000011011101101101110110011110001010101100110111110010111111', 2, '2022-04-29 14:56:42', '2022-04-29 14:54:38');
INSERT INTO `history` VALUES ('10010', '0000001100000100000000000000000000000100000001110000010000000011', 1, '2022-04-28 02:38:44', '2022-04-28 02:38:44');
INSERT INTO `history` VALUES ('10010', '0011010110001010001111011101111100001001111100100000000000000000', 4, '2022-04-29 14:40:10', '2022-04-29 14:40:07');
INSERT INTO `history` VALUES ('10010', '0011111000111110100001010111110111000111011111111101110011111111', 1, '2022-04-27 21:32:47', '2022-04-27 21:32:47');
INSERT INTO `history` VALUES ('10010', '0101001110101100100110110000100001110110010001111101101110101101', 1, '2022-04-29 14:35:55', '2022-04-29 14:35:55');
INSERT INTO `history` VALUES ('10010', '0101111010101110100111000101010110111011111010011111011111111111', 1, '2022-04-27 21:32:44', '2022-04-27 21:32:44');
INSERT INTO `history` VALUES ('10010', '0110011011111001000100100110111110111001100111101111000001100111', 2, '2022-04-29 14:51:20', '2022-04-29 14:51:18');
INSERT INTO `history` VALUES ('10010', '0110101010000011100100001110001100000011000111001111111110000000', 1, '2022-04-27 21:32:45', '2022-04-27 21:32:45');
INSERT INTO `history` VALUES ('10010', '0111101011100001101110000101011101001111001110110000010000010111', 1, '2022-04-27 21:32:46', '2022-04-27 21:32:46');
INSERT INTO `history` VALUES ('10010', '1000000000011111000111110000000011110000101111001110011001111111', 2, '2022-04-29 14:54:32', '2022-04-29 14:53:43');
INSERT INTO `history` VALUES ('10010', '1000010001000000100000111100111010010000111101110011110111001011', 1, '2022-04-29 14:38:44', '2022-04-29 14:38:44');
INSERT INTO `history` VALUES ('10010', '1010111101000000101010000011100000000111111110000110010010100010', 2, '2022-04-29 14:56:39', '2022-04-29 14:54:36');
INSERT INTO `history` VALUES ('10010', '1100001111110110111011100100000010011011111101001111011110111101', 1, '2022-04-29 14:37:32', '2022-04-29 14:37:32');
INSERT INTO `history` VALUES ('10011', '0000000010000000110111110111100011110110010100011100111111110100', 2, '2022-04-07 11:05:07', '2022-04-06 14:27:23');
INSERT INTO `history` VALUES ('10011', '0000000010110101111100110000110011010010001011011001101010110000', 1, '2022-04-17 23:14:28', '2022-04-17 23:14:28');
INSERT INTO `history` VALUES ('10011', '0000000011011101101101110110011110001010101100110111110010111111', 5, '2022-04-30 15:16:34', '2022-04-17 23:14:30');
INSERT INTO `history` VALUES ('10011', '0000001100000100000000000000000000000100000001110000010000000011', 1, '2022-04-06 11:39:21', '2022-04-06 11:39:21');
INSERT INTO `history` VALUES ('10011', '0000001111011110110001011010101110111100110011111001101100101000', 2, '2022-04-07 09:38:50', '2022-04-06 14:27:33');
INSERT INTO `history` VALUES ('10011', '0000101101000111101000000001001001010101000100100100111000001100', 1, '2022-04-06 15:47:03', '2022-04-06 15:47:03');
INSERT INTO `history` VALUES ('10011', '0001101101011100100000111000000110100010110001011101001101100110', 2, '2022-04-07 15:07:58', '2022-04-06 15:45:36');
INSERT INTO `history` VALUES ('10011', '0010000101011010101100111011010011101101110011100001000111100110', 3, '2022-04-07 09:38:39', '2022-04-07 09:38:34');
INSERT INTO `history` VALUES ('10011', '0010000101111011011101101111111100100100110010100011110101010110', 6, '2022-04-06 14:36:12', '2022-04-06 14:32:12');
INSERT INTO `history` VALUES ('10011', '0010010100111001001101100100101010110101011010100101011111100111', 3, '2022-04-30 18:44:17', '2022-04-30 15:11:15');
INSERT INTO `history` VALUES ('10011', '0011001110001111111100111111010001001011000000111111110011111110', 1, '2022-04-06 14:17:34', '2022-04-06 14:17:34');
INSERT INTO `history` VALUES ('10011', '0011010110001010001111011101111100001001111100100000000000000000', 11, '2022-04-06 14:24:10', '2022-04-06 14:14:16');
INSERT INTO `history` VALUES ('10011', '0011111000111110100001010111110111000111011111111101110011111111', 1, '2022-04-27 21:32:22', '2022-04-27 21:32:22');
INSERT INTO `history` VALUES ('10011', '0100110000111111011001011111100010111111011000111101001101101111', 3, '2022-04-07 15:07:50', '2022-04-07 15:07:42');
INSERT INTO `history` VALUES ('10011', '0101001110101100100110110000100001110110010001111101101110101101', 1, '2022-04-06 14:19:06', '2022-04-06 14:19:06');
INSERT INTO `history` VALUES ('10011', '0101100011110111000111110111110000000001100001011011011000101001', 1, '2022-04-06 14:23:15', '2022-04-06 14:23:15');
INSERT INTO `history` VALUES ('10011', '0101111010101110100111000101010110111011111010011111011111111111', 1, '2022-04-27 21:32:19', '2022-04-27 21:32:19');
INSERT INTO `history` VALUES ('10011', '0110000100000000111000100100000010111001111001000101100101111010', 3, '2022-04-06 14:27:17', '2022-04-06 14:25:57');
INSERT INTO `history` VALUES ('10011', '0110001000110000100011101111100010100001111000101111101111101101', 1, '2022-04-07 15:08:05', '2022-04-07 15:08:05');
INSERT INTO `history` VALUES ('10011', '0110001100111010110011010111001010110101110010101100110001011001', 4, '2022-04-06 14:19:49', '2022-04-02 23:54:47');
INSERT INTO `history` VALUES ('10011', '0110010010100111010100001111111010101100110100010000101000010101', 2, '2022-04-06 11:24:21', '2022-04-06 11:24:20');
INSERT INTO `history` VALUES ('10011', '0110010110000000110111110000111111110000100100100010011111010000', 14, '2022-04-06 11:49:52', '2022-04-06 11:37:19');
INSERT INTO `history` VALUES ('10011', '0110011011111001000100100110111110111001100111101111000001100111', 6, '2022-04-02 23:55:24', '2022-04-02 23:42:03');
INSERT INTO `history` VALUES ('10011', '0110011110111001110101011000000101111110101001101011100011100011', 3, '2022-04-06 14:19:44', '2022-04-06 14:19:39');
INSERT INTO `history` VALUES ('10011', '0110101010000011100100001110001100000011000111001111111110000000', 1, '2022-04-27 21:32:24', '2022-04-27 21:32:24');
INSERT INTO `history` VALUES ('10011', '0111010100111000000111011100000001010111101110101110011111011010', 5, '2022-04-06 11:41:31', '2022-04-06 11:40:51');
INSERT INTO `history` VALUES ('10011', '0111101011100001101110000101011101001111001110110000010000010111', 1, '2022-04-27 21:32:21', '2022-04-27 21:32:21');
INSERT INTO `history` VALUES ('10011', '1000000000011111000111110000000011110000101111001110011001111111', 6, '2022-04-06 14:23:10', '2022-04-06 11:41:59');
INSERT INTO `history` VALUES ('10011', '1000000011110001010000110001110101111110100000101110000111111110', 1, '2022-04-17 23:14:35', '2022-04-17 23:14:35');
INSERT INTO `history` VALUES ('10011', '1000001000011000100000100111000111010111000100001010110011111011', 2, '2022-04-06 14:37:36', '2022-04-06 14:31:44');
INSERT INTO `history` VALUES ('10011', '1000010101100110001000010100110010111100000000101110010001111110', 5, '2022-04-06 14:31:02', '2022-04-06 14:30:55');
INSERT INTO `history` VALUES ('10011', '1000100011010110110110011111101011100001110111001101001011011110', 3, '2022-04-06 14:37:52', '2022-04-06 14:18:54');
INSERT INTO `history` VALUES ('10011', '1000111110101000010000010011000111100010000111111110111000100110', 1, '2022-04-06 14:27:11', '2022-04-06 14:27:11');
INSERT INTO `history` VALUES ('10011', '1001010101010110001111111010111111000100110111111011000101100110', 4, '2022-04-07 15:08:15', '2022-04-06 11:39:51');
INSERT INTO `history` VALUES ('10011', '1010010001101011100111110011110110010110011000110111111010001101', 26, '2022-04-06 14:19:34', '2022-04-06 11:54:12');
INSERT INTO `history` VALUES ('10011', '1010111101000000101010000011100000000111111110000110010010100010', 3, '2022-04-06 14:30:46', '2022-04-06 14:30:44');
INSERT INTO `history` VALUES ('10011', '1011110111110010000111010111001101110000100011101110011111010001', 1, '2022-04-17 23:14:48', '2022-04-17 23:14:48');
INSERT INTO `history` VALUES ('10011', '1100001111110110111011100100000010011011111101001111011110111101', 1, '2022-04-17 23:15:22', '2022-04-17 23:15:22');
INSERT INTO `history` VALUES ('10011', '1100011000111111110101100110110110010000001011101110011111100010', 1, '2022-04-17 23:17:23', '2022-04-17 23:17:23');
INSERT INTO `history` VALUES ('10011', '1100100000011100100000111101111101100110011110010010110110010100', 4, '2022-04-07 10:40:45', '2022-04-06 11:20:05');
INSERT INTO `history` VALUES ('10011', '1101101011100111001101000101010111101011000001111101100010100011', 2, '2022-04-06 14:37:32', '2022-04-06 14:32:04');
INSERT INTO `history` VALUES ('10011', '1110011010110100111111111001000000011111111011100100011110011111', 1, '2022-04-07 09:38:55', '2022-04-07 09:38:55');
INSERT INTO `history` VALUES ('10011', '1110100110011110000001100101100100100010001000001101110111111111', 1, '2022-04-06 14:31:53', '2022-04-06 14:31:53');
INSERT INTO `history` VALUES ('10011', '1110101100010000000011011100010011100010011111011110010111110010', 12, '2022-04-06 14:26:36', '2022-04-06 14:16:21');
INSERT INTO `history` VALUES ('10011', '1110111100010000010101011010100111111001011010101001011000001100', 1, '2022-04-06 11:38:16', '2022-04-06 11:38:16');
INSERT INTO `history` VALUES ('10011', '1111001110000100111111011111100101110111111110101111111111111111', 3, '2022-04-30 18:44:30', '2022-04-06 14:23:03');
INSERT INTO `history` VALUES ('10011', '1111010101011011100100100000000100111110111000001111001001101110', 2, '2022-04-07 10:41:47', '2022-04-06 14:19:02');
INSERT INTO `history` VALUES ('10011', '1111010111100111111111111111000111110101111111011111000111111111', 5, '2022-04-06 11:53:54', '2022-04-06 11:51:09');
INSERT INTO `history` VALUES ('10011', '1111011111101100101010010110111111111110111000101101101111000100', 1, '2022-04-06 14:18:37', '2022-04-06 14:18:37');
INSERT INTO `history` VALUES ('10011', '1111111010111101111011000000101110110011110011010111000001111111', 1, '2022-04-06 11:15:49', '2022-04-06 11:15:49');
INSERT INTO `history` VALUES ('10011', '1111111110001011011111110011101110111111111011111011011111001111', 15, '2022-04-07 15:07:53', '2022-04-06 14:17:37');
INSERT INTO `history` VALUES ('10011', '1111111110111101111000111111100111101111111111111110000111000011', 3, '2022-04-06 14:37:40', '2022-04-06 14:20:08');
INSERT INTO `history` VALUES ('10011', '1111111111111000111110101110110111100010111110011110111111110010', 4, '2022-04-07 09:49:58', '2022-04-06 10:54:17');
INSERT INTO `history` VALUES ('10011', '1111111111111111111111111111111111000111111111111111111111111111', 5, '2022-04-06 14:19:12', '2022-04-06 14:18:46');
INSERT INTO `history` VALUES ('10011', '1111111111111111111111111111111111111111111111111111111111111111', 1, '2022-04-06 10:58:08', '2022-04-06 10:58:08');
INSERT INTO `history` VALUES ('10086', '0000000010000111000110111111001111101111011000011111111111110000', 1, '2022-04-25 11:30:52', '2022-04-25 11:30:52');
INSERT INTO `history` VALUES ('10086', '0000000100000110111110101100010100111010100000011110111111111110', 1, '2022-04-20 11:22:19', '2022-04-20 11:22:19');
INSERT INTO `history` VALUES ('10086', '0000100001000000100010000100000110110100110010100111101110111101', 1, '2022-04-25 11:30:56', '2022-04-25 11:30:56');
INSERT INTO `history` VALUES ('10086', '0000100101011010110100101000000101101110100001000100011010110010', 1, '2022-04-25 11:30:48', '2022-04-25 11:30:48');
INSERT INTO `history` VALUES ('10086', '0000111100010000000000001110010111111011110011000000011100101000', 1, '2022-04-18 09:21:35', '2022-04-18 09:21:35');
INSERT INTO `history` VALUES ('10086', '0001111101000000000100111101111000101101001011111100011110111000', 1, '2022-04-18 09:36:09', '2022-04-18 09:36:09');
INSERT INTO `history` VALUES ('10086', '0010000101011010101100111011010011101101110011100001000111100110', 2, '2022-04-29 17:12:12', '2022-04-18 11:37:34');
INSERT INTO `history` VALUES ('10086', '0011000011001011011111111010110001111100101101001101110010100101', 2, '2022-04-25 11:30:16', '2022-04-18 09:36:31');
INSERT INTO `history` VALUES ('10086', '0011010110001010001111011101111100001001111100100000000000000000', 2, '2022-04-21 16:08:13', '2022-04-21 16:08:09');
INSERT INTO `history` VALUES ('10086', '0011111111000000111110100000110000100110110111010111011111111001', 2, '2022-04-18 09:36:52', '2022-04-18 09:36:46');
INSERT INTO `history` VALUES ('10086', '0101111010101110100111000101010110111011111010011111011111111111', 3, '2022-04-25 19:26:33', '2022-04-25 19:26:17');
INSERT INTO `history` VALUES ('10086', '0110001000110000100011101111100010100001111000101111101111101101', 1, '2022-04-18 09:36:34', '2022-04-18 09:36:34');
INSERT INTO `history` VALUES ('10086', '0110001100111010110011010111001010110101110010101100110001011001', 1, '2022-04-21 11:34:58', '2022-04-21 11:34:58');
INSERT INTO `history` VALUES ('10086', '0110010010100111010100001111111010101100110100010000101000010101', 1, '2022-04-21 11:29:32', '2022-04-21 11:29:32');
INSERT INTO `history` VALUES ('10086', '0110010110000000110111110000111111110000100100100010011111010000', 5, '2022-04-21 11:31:28', '2022-04-18 09:36:16');
INSERT INTO `history` VALUES ('10086', '0110011011111001000100100110111110111001100111101111000001100111', 1, '2022-04-21 11:34:56', '2022-04-21 11:34:56');
INSERT INTO `history` VALUES ('10086', '0110111110010111011010000011001100000111010111011010001001011110', 1, '2022-04-18 09:36:05', '2022-04-18 09:36:05');
INSERT INTO `history` VALUES ('10086', '0111010100111000000111011100000001010111101110101110011111011010', 12, '2022-04-21 11:32:09', '2022-04-21 11:31:32');
INSERT INTO `history` VALUES ('10086', '1000100011010110110110011111101011100001110111001101001011011110', 1, '2022-04-18 11:37:37', '2022-04-18 11:37:37');
INSERT INTO `history` VALUES ('10086', '1001010101010110001111111010111111000100110111111011000101100110', 1, '2022-04-20 16:39:47', '2022-04-20 16:39:47');
INSERT INTO `history` VALUES ('10086', '1010000110011101000001001100001000011111011011111001000000101001', 1, '2022-04-20 16:39:26', '2022-04-20 16:39:26');
INSERT INTO `history` VALUES ('10086', '1010010001101011100111110011110110010110011000110111111010001101', 7, '2022-04-21 11:34:29', '2022-04-18 09:36:01');
INSERT INTO `history` VALUES ('10086', '1011110111110010000111010111001101110000100011101110011111010001', 2, '2022-04-21 11:29:38', '2022-04-18 11:32:18');
INSERT INTO `history` VALUES ('10086', '1101101011100111001101000101010111101011000001111101100010100011', 3, '2022-04-21 11:29:41', '2022-04-20 22:42:28');
INSERT INTO `history` VALUES ('10086', '1110001110011101011010000001011100100000110110111000000101101101', 2, '2022-04-25 11:30:45', '2022-04-18 11:32:15');
INSERT INTO `history` VALUES ('10086', '1111010101011011100100100000000100111110111000001111001001101110', 2, '2022-04-20 11:22:30', '2022-04-18 09:36:58');
INSERT INTO `history` VALUES ('10086', '1111010110111011111111110111101110100011011101111110111100111101', 2, '2022-04-21 11:29:35', '2022-04-18 09:26:20');
INSERT INTO `history` VALUES ('10086', '1111010111100111111111111111000111110101111111011111000111111111', 2, '2022-04-18 11:37:24', '2022-04-18 09:26:25');
INSERT INTO `history` VALUES ('10086', '1111111010111101111011000000101110110011110011010111000001111111', 1, '2022-04-25 11:30:39', '2022-04-25 11:30:39');
INSERT INTO `history` VALUES ('10086', '1111111110001011011111110011101110111111111011111011011111001111', 1, '2022-04-18 11:37:28', '2022-04-18 11:37:28');
INSERT INTO `history` VALUES ('10086', '1111111111111000111110101110110111100010111110011110111111110010', 1, '2022-04-21 11:31:37', '2022-04-21 11:31:37');
INSERT INTO `history` VALUES ('10086', '1111111111111111111101111101111111110111111111110111111110100111', 2, '2022-04-18 11:32:20', '2022-04-18 09:21:38');
INSERT INTO `history` VALUES ('10086', '1111111111111111111111111111111111111111111111111111111111111111', 2, '2022-04-18 11:37:31', '2022-04-18 09:26:19');
INSERT INTO `history` VALUES ('admin', '0000000000000010000100011000000000101000111110011101011111111111', 1, '2022-04-29 15:43:29', '2022-04-29 15:43:29');
INSERT INTO `history` VALUES ('admin', '0000000000000010100000010110000111011100111110111110001111111010', 2, '2022-05-18 19:48:49', '2022-04-29 15:42:38');
INSERT INTO `history` VALUES ('admin', '0000000010000000110111110111100011110110010100011100111111110100', 1, '2022-05-23 09:36:53', '2022-05-23 09:36:53');
INSERT INTO `history` VALUES ('admin', '0000000010000111000110111111001111101111011000011111111111110000', 5, '2022-05-23 00:44:51', '2022-05-22 21:27:34');
INSERT INTO `history` VALUES ('admin', '0000000010010100001111101110110101010010111111001010001101111110', 1, '2022-05-22 21:27:23', '2022-05-22 21:27:23');
INSERT INTO `history` VALUES ('admin', '0000000010110101111100110000110011010010001011011001101010110000', 7, '2022-05-23 09:34:30', '2022-04-30 18:47:29');
INSERT INTO `history` VALUES ('admin', '0000000011011101101101110110011110001010101100110111110010111111', 13, '2022-05-23 10:32:36', '2022-04-29 15:13:52');
INSERT INTO `history` VALUES ('admin', '0000001011110111110001101111111011111111000010001110000111111000', 3, '2022-05-22 21:35:20', '2022-05-18 22:39:31');
INSERT INTO `history` VALUES ('admin', '0000001100000110111000000010110010100000010111110010111001110111', 1, '2022-05-18 20:25:20', '2022-05-18 20:25:20');
INSERT INTO `history` VALUES ('admin', '0000001100011101001000100000001101010100011001111010110101111111', 1, '2022-05-07 22:45:22', '2022-05-07 22:45:22');
INSERT INTO `history` VALUES ('admin', '0000001111011110110001011010101110111100110011111001101100101000', 1, '2022-05-22 21:34:43', '2022-05-22 21:34:43');
INSERT INTO `history` VALUES ('admin', '0000011100111100000000110011111111100010110111001011110110000000', 2, '2022-05-23 09:37:07', '2022-04-28 20:28:59');
INSERT INTO `history` VALUES ('admin', '0000100001000000100010000100000110110100110010100111101110111101', 1, '2022-05-23 09:36:59', '2022-05-23 09:36:59');
INSERT INTO `history` VALUES ('admin', '0000111100010000000000001110010111111011110011000000011100101000', 1, '2022-05-18 21:01:48', '2022-05-18 21:01:48');
INSERT INTO `history` VALUES ('admin', '0001001011110001010011101010011101001001110101101010101100010000', 1, '2022-05-23 10:35:17', '2022-05-23 10:35:17');
INSERT INTO `history` VALUES ('admin', '0001011111000110001011010111111011000000001100011000001101010110', 6, '2022-05-23 09:43:04', '2022-05-23 09:41:24');
INSERT INTO `history` VALUES ('admin', '0001101100001101000101110010000000001001000100100010000100001110', 1, '2022-04-29 15:13:49', '2022-04-29 15:13:49');
INSERT INTO `history` VALUES ('admin', '0001101101011100100000111000000110100010110001011101001101100110', 2, '2022-04-28 20:29:06', '2022-04-28 09:57:55');
INSERT INTO `history` VALUES ('admin', '0010000101011010101100111011010011101101110011100001000111100110', 4, '2022-05-22 21:35:18', '2022-04-29 15:18:07');
INSERT INTO `history` VALUES ('admin', '0010000101111011011101101111111100100100110010100011110101010110', 12, '2022-05-23 09:40:55', '2022-04-29 15:15:56');
INSERT INTO `history` VALUES ('admin', '0010010100111001001101100100101010110101011010100101011111100111', 2, '2022-05-23 09:37:45', '2022-04-29 16:00:13');
INSERT INTO `history` VALUES ('admin', '0010101001011001000001001110001110110100111110111100010001000011', 1, '2022-05-23 09:39:08', '2022-05-23 09:39:08');
INSERT INTO `history` VALUES ('admin', '0010110111010011011111110010000011111001100000111101111011100011', 2, '2022-05-07 23:39:14', '2022-05-07 11:00:42');
INSERT INTO `history` VALUES ('admin', '0011000011001011011111111010110001111100101101001101110010100101', 1, '2022-05-18 22:44:48', '2022-05-18 22:44:48');
INSERT INTO `history` VALUES ('admin', '0011010110001010001111011101111100001001111100100000000000000000', 3, '2022-04-29 00:28:22', '2022-04-25 22:01:53');
INSERT INTO `history` VALUES ('admin', '0011110111011000100101110001011001101000111011111111111001000011', 1, '2022-05-23 09:38:22', '2022-05-23 09:38:22');
INSERT INTO `history` VALUES ('admin', '0011111000111110100001010111110111000111011111111101110011111111', 6, '2022-04-28 09:58:35', '2022-04-28 09:58:02');
INSERT INTO `history` VALUES ('admin', '0011111011010011110011000011101000010100110000111110110110000001', 3, '2022-05-22 21:35:25', '2022-05-18 22:40:58');
INSERT INTO `history` VALUES ('admin', '0011111111000000111110100000110000100110110111010111011111111001', 1, '2022-05-18 19:43:18', '2022-05-18 19:43:18');
INSERT INTO `history` VALUES ('admin', '0100000111100100100010110000010011101010001001111101001100110111', 1, '2022-04-27 10:57:41', '2022-04-27 10:57:41');
INSERT INTO `history` VALUES ('admin', '0100000111111110100010001000111111110011100011000100001000100001', 5, '2022-05-23 09:38:24', '2022-05-07 22:48:04');
INSERT INTO `history` VALUES ('admin', '0100010010111000000000111001110101101111101101001100000100101001', 3, '2022-05-23 09:37:50', '2022-04-27 21:30:43');
INSERT INTO `history` VALUES ('admin', '0100110000111111011001011111100010111111011000111101001101101111', 1, '2022-05-22 21:32:01', '2022-05-22 21:32:01');
INSERT INTO `history` VALUES ('admin', '0101001110101100100110110000100001110110010001111101101110101101', 2, '2022-05-23 09:38:17', '2022-05-18 22:44:50');
INSERT INTO `history` VALUES ('admin', '0101111010101110100111000101010110111011111010011111011111111111', 11, '2022-05-23 09:35:17', '2022-04-26 23:45:45');
INSERT INTO `history` VALUES ('admin', '0110000000000000110100011100001010111111010111111010111111111111', 1, '2022-05-23 09:38:26', '2022-05-23 09:38:26');
INSERT INTO `history` VALUES ('admin', '0110000100000000111000100100000010111001111001000101100101111010', 1, '2022-05-07 22:44:26', '2022-05-07 22:44:26');
INSERT INTO `history` VALUES ('admin', '0110001100111010110011010111001010110101110010101100110001011001', 1, '2022-04-29 00:28:23', '2022-04-29 00:28:23');
INSERT INTO `history` VALUES ('admin', '0110010010100111010100001111111010101100110100010000101000010101', 1, '2022-05-18 21:08:42', '2022-05-18 21:08:42');
INSERT INTO `history` VALUES ('admin', '0110010110000000110111110000111111110000100100100010011111010000', 4, '2022-05-18 22:44:41', '2022-04-28 18:50:29');
INSERT INTO `history` VALUES ('admin', '0110011011111001000100100110111110111001100111101111000001100111', 9, '2022-05-23 09:35:31', '2022-04-27 21:30:29');
INSERT INTO `history` VALUES ('admin', '0110101010000011100100001110001100000011000111001111111110000000', 1, '2022-04-29 00:01:02', '2022-04-29 00:01:02');
INSERT INTO `history` VALUES ('admin', '0110101100010001100111111111011100110100110010000110101010010111', 1, '2022-05-18 22:44:43', '2022-05-18 22:44:43');
INSERT INTO `history` VALUES ('admin', '0110111110010111011010000011001100000111010111011010001001011110', 2, '2022-05-18 19:45:17', '2022-05-18 19:45:13');
INSERT INTO `history` VALUES ('admin', '0111010100111000000111011100000001010111101110101110011111011010', 2, '2022-05-18 20:25:07', '2022-04-28 18:50:40');
INSERT INTO `history` VALUES ('admin', '0111011100110000111111011010010011011011000010101110011101010001', 1, '2022-05-22 21:32:36', '2022-05-22 21:32:36');
INSERT INTO `history` VALUES ('admin', '0111011110000111011110010111001010101010110011010001001101110001', 1, '2022-04-27 10:57:39', '2022-04-27 10:57:39');
INSERT INTO `history` VALUES ('admin', '0111101011100001101110000101011101001111001110110000010000010111', 29, '2022-05-23 09:36:46', '2022-04-26 23:56:01');
INSERT INTO `history` VALUES ('admin', '0111110000110000101110111110111000100001110011100000010111101001', 1, '2022-05-18 19:49:28', '2022-05-18 19:49:28');
INSERT INTO `history` VALUES ('admin', '0111111000001001110000001111110010110101000111001111110111100011', 1, '2022-05-18 22:44:37', '2022-05-18 22:44:37');
INSERT INTO `history` VALUES ('admin', '1000000000011111000111110000000011110000101111001110011001111111', 1, '2022-04-29 00:28:24', '2022-04-29 00:28:24');
INSERT INTO `history` VALUES ('admin', '1000001000011000100000100111000111010111000100001010110011111011', 5, '2022-05-22 21:31:34', '2022-05-18 19:46:29');
INSERT INTO `history` VALUES ('admin', '1000010001000000100000111100111010010000111101110011110111001011', 1, '2022-05-23 00:44:44', '2022-05-23 00:44:44');
INSERT INTO `history` VALUES ('admin', '1000010101100110001000010100110010111100000000101110010001111110', 2, '2022-05-23 10:35:08', '2022-05-23 09:37:40');
INSERT INTO `history` VALUES ('admin', '1000100011010110110110011111101011100001110111001101001011011110', 1, '2022-05-18 19:46:11', '2022-05-18 19:46:11');
INSERT INTO `history` VALUES ('admin', '1000110011000001110110111010011100111000011101001110001110100000', 3, '2022-04-29 00:02:31', '2022-04-29 00:02:24');
INSERT INTO `history` VALUES ('admin', '1001010001000111000101001111100111011111001010001110111110010111', 1, '2022-05-18 19:45:00', '2022-05-18 19:45:00');
INSERT INTO `history` VALUES ('admin', '1001010101010110001111111010111111000100110111111011000101100110', 2, '2022-05-23 09:37:29', '2022-05-23 09:37:15');
INSERT INTO `history` VALUES ('admin', '1010000110011101000001001100001000011111011011111001000000101001', 1, '2022-05-07 22:44:53', '2022-05-07 22:44:53');
INSERT INTO `history` VALUES ('admin', '1010010001101011100111110011110110010110011000110111111010001101', 13, '2022-05-23 09:39:00', '2022-04-25 22:01:51');
INSERT INTO `history` VALUES ('admin', '1010111101000000101010000011100000000111111110000110010010100010', 1, '2022-04-29 00:28:26', '2022-04-29 00:28:26');
INSERT INTO `history` VALUES ('admin', '1011110111110010000111010111001101110000100011101110011111010001', 1, '2022-05-23 09:38:20', '2022-05-23 09:38:20');
INSERT INTO `history` VALUES ('admin', '1100001111110110111011100100000010011011111101001111011110111101', 2, '2022-05-18 19:46:40', '2022-04-29 00:28:27');
INSERT INTO `history` VALUES ('admin', '1100011000111111110101100110110110010000001011101110011111100010', 1, '2022-05-22 21:27:11', '2022-05-22 21:27:11');
INSERT INTO `history` VALUES ('admin', '1100101000011100000000011100110100110100100010101001001110111110', 1, '2022-05-18 20:25:10', '2022-05-18 20:25:10');
INSERT INTO `history` VALUES ('admin', '1100111111110011010111101110101111111111011111101111101111110011', 1, '2022-05-23 09:41:00', '2022-05-23 09:41:00');
INSERT INTO `history` VALUES ('admin', '1101000001110011001110001000011110111100111111110010011110000100', 1, '2022-05-22 21:31:39', '2022-05-22 21:31:39');
INSERT INTO `history` VALUES ('admin', '1101000100000111111011100110000010010011101110001011101101111100', 1, '2022-05-23 09:41:23', '2022-05-23 09:41:23');
INSERT INTO `history` VALUES ('admin', '1101000110100011111110111000000111001111111111111111100111101111', 2, '2022-05-23 10:34:39', '2022-05-23 10:34:33');
INSERT INTO `history` VALUES ('admin', '1101010010111111111110010011110011011111100000001111010111111001', 1, '2022-05-22 21:34:53', '2022-05-22 21:34:53');
INSERT INTO `history` VALUES ('admin', '1101101011100111001101000101010111101011000001111101100010100011', 2, '2022-05-22 21:27:21', '2022-05-18 22:44:45');
INSERT INTO `history` VALUES ('admin', '1101101111110111010011011000011100001011001100110111000110110111', 1, '2022-05-18 22:39:33', '2022-05-18 22:39:33');
INSERT INTO `history` VALUES ('admin', '1110001001010000001001100001100011110010001101110101111110111111', 1, '2022-05-18 22:39:16', '2022-05-18 22:39:16');
INSERT INTO `history` VALUES ('admin', '1110001111011011111111101010011111001001010010100111011011111101', 1, '2022-05-18 22:40:54', '2022-05-18 22:40:54');
INSERT INTO `history` VALUES ('admin', '1110011010110100111111111001000000011111111011100100011110011111', 8, '2022-05-22 21:28:03', '2022-05-18 22:07:10');
INSERT INTO `history` VALUES ('admin', '1110011111111011111100101100110111100011110101011100111011011001', 1, '2022-05-23 10:34:25', '2022-05-23 10:34:25');
INSERT INTO `history` VALUES ('admin', '1110100110011110000001100101100100100010001000001101110111111111', 4, '2022-05-07 10:58:59', '2022-05-07 10:58:53');
INSERT INTO `history` VALUES ('admin', '1110101100010000000011011100010011100010011111011110010111110010', 3, '2022-05-23 09:37:43', '2022-04-28 18:51:36');
INSERT INTO `history` VALUES ('admin', '1111001110000100111111011111100101110111111110101111111111111111', 1, '2022-04-28 09:57:51', '2022-04-28 09:57:51');
INSERT INTO `history` VALUES ('admin', '1111010110111011111111110111101110100011011101111110111100111101', 1, '2022-04-30 14:56:42', '2022-04-30 14:56:42');
INSERT INTO `history` VALUES ('admin', '1111110011010011111111101000001111110000010010111001100001000111', 1, '2022-05-18 19:45:22', '2022-05-18 19:45:22');
INSERT INTO `history` VALUES ('admin', '1111111110001011011111110011101110111111111011111011011111001111', 10, '2022-05-23 09:42:07', '2022-04-28 18:50:43');
INSERT INTO `history` VALUES ('admin', '1111111110111101111000111111100111101111111111111110000111000011', 1, '2022-05-18 22:39:29', '2022-05-18 22:39:29');
INSERT INTO `history` VALUES ('admin', '1111111111111000111110101110110111100010111110011110111111110010', 1, '2022-05-18 19:48:51', '2022-05-18 19:48:51');
INSERT INTO `history` VALUES ('admin', '1111111111111111111101111101111111110111111111110111111110100111', 1, '2022-05-07 23:39:08', '2022-05-07 23:39:08');
INSERT INTO `history` VALUES ('admin', '1111111111111111111111111111111111000111111111111111111111111111', 1, '2022-05-23 09:37:47', '2022-05-23 09:37:47');

-- ----------------------------
-- Table structure for image
-- ----------------------------
DROP TABLE IF EXISTS `image`;
CREATE TABLE `image`  (
  `hid` varchar(255) CHARACTER SET utf8 COLLATE utf8_general_ci NOT NULL COMMENT '图片hash id',
  `uid` varchar(20) CHARACTER SET utf8 COLLATE utf8_general_ci NULL DEFAULT NULL COMMENT '上传该图片用户id',
  `title` varchar(255) CHARACTER SET utf8 COLLATE utf8_general_ci NULL DEFAULT NULL COMMENT '标题',
  `href` varchar(255) CHARACTER SET utf8 COLLATE utf8_general_ci NULL DEFAULT NULL COMMENT '图片地址链接',
  `description` varchar(255) CHARACTER SET utf8 COLLATE utf8_general_ci NULL DEFAULT NULL COMMENT '描述',
  `width` int(0) NULL DEFAULT NULL,
  `height` int(0) NULL DEFAULT NULL,
  `type` varchar(10) CHARACTER SET utf8 COLLATE utf8_general_ci NULL DEFAULT NULL,
  `color` varchar(10) CHARACTER SET utf8 COLLATE utf8_general_ci NULL DEFAULT NULL,
  `trailNum` int(0) NULL DEFAULT NULL COMMENT '浏览次数',
  `likeNum` int(0) NULL DEFAULT NULL COMMENT '喜欢次数',
  `score` int(0) NULL DEFAULT NULL COMMENT '综合分数',
  `state` varchar(255) CHARACTER SET utf8 COLLATE utf8_general_ci NULL DEFAULT NULL COMMENT '审核状态',
  `updateTime` timestamp(0) NULL DEFAULT CURRENT_TIMESTAMP(0) ON UPDATE CURRENT_TIMESTAMP(0),
  `createTime` timestamp(0) NULL DEFAULT CURRENT_TIMESTAMP(0),
  PRIMARY KEY (`hid`) USING BTREE,
  INDEX `uid`(`uid`) USING BTREE,
  CONSTRAINT `image_ibfk_1` FOREIGN KEY (`uid`) REFERENCES `userinfo` (`uid`) ON DELETE RESTRICT ON UPDATE RESTRICT
) ENGINE = InnoDB CHARACTER SET = utf8 COLLATE = utf8_general_ci ROW_FORMAT = Dynamic;

-- ----------------------------
-- Records of image
-- ----------------------------
INSERT INTO `image` VALUES ('0000000000000010000100011000000000101000111110011101011111111111', '10086', '', 'image/b5548f07-b5fb-45f7-9358-fae7fcfa4abc.png', '', 2133, 1148, 'PC', '棕色', 5, 0, 38, 'yes', '2022-04-30 14:44:46', '2022-04-18 09:14:56');
INSERT INTO `image` VALUES ('0000000000000010100000010110000111011100111110111110001111111010', '10086', '', 'image/cc6ca450-160e-4bbc-8525-14f5028b1dac.jpg', '', 1920, 1080, 'PC', '黑白', 4, 1, 45, 'yes', '2022-05-18 19:48:49', '2022-04-18 09:13:50');
INSERT INTO `image` VALUES ('0000000000000011000000000000000100000001010111101111111011111111', 'admin', '', 'image/c9f0f769-f38e-467b-af2e-923a8d6b8e0b.png', '', 1920, 1080, 'PC', '黑白', 1, 0, 1, 'yes', '2022-04-29 15:59:55', '2022-04-29 15:12:22');
INSERT INTO `image` VALUES ('0000000000000011000000000001100000000001000010100000011000000101', '10086', '', 'image/5ef574e5-7152-40bf-87dd-b4a8aa809ead.png', '', 1920, 1080, 'PC', '棕色', 0, 0, 0, 'yes', '2022-04-25 10:42:12', '2022-04-18 09:12:22');
INSERT INTO `image` VALUES ('0000000010000000110111110111100011110110010100011100111111110100', 'admin', '', 'image/img936ecd31-43c7-4ce2-8255-d62ec3b5dab5.jpeg', '', 853, 1280, 'Square', '棕色', 8, 0, 92, 'yes', '2022-05-23 09:36:53', '2022-03-31 15:58:13');
INSERT INTO `image` VALUES ('0000000010000111000110111111001111101111011000011111111111110000', '10086', 'fengasd ', 'image/35f9c769-623e-4b7d-ade9-30166aa2d6aa.jpg', 'hgkjgulv', 5622, 2492, 'PC', '黑白', 20, 1, 148, 'yes', '2022-05-23 00:44:51', '2022-04-20 22:51:56');
INSERT INTO `image` VALUES ('0000000010010100001111101110110101010010111111001010001101111110', '10086', '', 'image/e394fdad-916b-4641-9010-db3ffd1523a7.png', '', 1846, 2997, 'Phone', '青色', 15, 0, 133, 'yes', '2022-05-22 21:27:23', '2022-04-18 09:12:14');
INSERT INTO `image` VALUES ('0000000010110101111100110000110011010010001011011001101010110000', 'admin', '', 'image/3a86f0e5-9b55-4883-942b-9affa8fe01c9.jpg', '', 1920, 1080, 'PC', '青色', 41, 0, 320, 'yes', '2022-05-23 09:34:30', '2022-03-31 16:11:14');
INSERT INTO `image` VALUES ('0000000011011101101101110110011110001010101100110111110010111111', 'admin', '', 'image/8a74b4e4-8bb8-438f-a2d2-158f8e94c43b.jpg', '', 1920, 1080, 'PC', '紫色', 48, 2, 357, 'yes', '2022-05-23 10:32:36', '2022-03-31 16:12:43');
INSERT INTO `image` VALUES ('0000000100000110111110101100010100111010100000011110111111111110', '10086', '', 'image/d84207f4-53d5-4b79-98d0-8a78bcf60a65.png', '', 1920, 1080, 'PC', '棕色', 2, 0, 2, 'yes', '2022-04-29 15:18:21', '2022-04-18 09:12:29');
INSERT INTO `image` VALUES ('0000000100111001110110111011100110011010001011001110110101000000', '10086', '', 'image/972cec1f-732a-45cd-aeb7-e7640ebcef9d.png', '', 1920, 1080, 'PC', '青色', 22, 0, 22, 'yes', '2022-04-29 15:18:22', '2022-04-18 09:13:10');
INSERT INTO `image` VALUES ('0000001001001001101001001101101100111001010101011110111100011001', 'admin', '', 'image/img1648711165988.png', '', 5016, 3344, 'PC', '黑白', 0, 0, 0, 'yes', '2022-04-25 10:42:15', '2022-03-31 15:20:15');
INSERT INTO `image` VALUES ('0000001011110111110001101111111011111111000010001110000111111000', 'admin', '', 'image/98dbd80f-15b2-4582-8f41-6213e3969bc3.png', '', 1080, 1920, 'Phone', '棕色', 12, 0, 93, 'yes', '2022-05-22 21:35:20', '2022-03-31 16:08:01');
INSERT INTO `image` VALUES ('0000001011111100111010011111001111111011111011010001111001100001', '10086', '', 'image/def1dd4a-d08e-4288-99e3-48dd55a786e6.jpg', '', 5536, 3824, 'PC', '蓝色', 21, 0, 21, 'yes', '2022-04-29 15:06:11', '2022-04-18 09:13:14');
INSERT INTO `image` VALUES ('0000001100000100000000000000000000000100000001110000010000000011', 'admin', '', 'image/14e5a721-d659-4a6f-bb1c-939ac4d410aa.png', '', 1920, 1080, 'PC', '蓝色', 6, 1, 16, 'yes', '2022-04-29 16:38:30', '2022-03-31 16:10:19');
INSERT INTO `image` VALUES ('0000001100000110111000000010110010100000010111110010111001110111', '10086', '', 'image/d4f38f96-9ef2-4d9c-bebe-e1801155390c.png', '', 1920, 1200, 'PC', '棕色', 1, 0, 1, 'yes', '2022-05-18 20:25:20', '2022-04-18 14:18:59');
INSERT INTO `image` VALUES ('0000001100011101001000100000001101010100011001111010110101111111', '10086', '345', 'image/23ff5ea5-c54e-497e-8d9d-d2bae487e03e.png', '', 2048, 1152, 'PC', '蓝色', 1, 0, 1, 'yes', '2022-05-07 22:45:22', '2022-04-20 22:53:31');
INSERT INTO `image` VALUES ('0000001111011110110001011010101110111100110011111001101100101000', 'admin', '', 'image/img1648713111698.jpg', '', 1920, 1200, 'PC', '黑白', 3, 0, 3, 'yes', '2022-05-22 21:34:43', '2022-03-31 15:54:53');
INSERT INTO `image` VALUES ('0000011100000000000000001010000011111110000001101010111111010010', '10086', '', 'image/923f1ae3-ca51-4ad7-a695-64d316477aa8.jpg', '', 3840, 2160, 'PC', '青色', 3, 0, 3, 'yes', '2022-04-29 15:02:20', '2022-04-18 09:14:35');
INSERT INTO `image` VALUES ('0000011100111100000000110011111111100010110111001011110110000000', '10086', '', 'image/06047eaf-14b7-4d52-b5ac-3f731802d633.jpg', '', 4000, 2618, 'PC', '黑白', 22, 0, 22, 'yes', '2022-05-23 09:37:07', '2022-04-18 14:22:03');
INSERT INTO `image` VALUES ('0000011110011110011000001111001110100111011010011101111011000100', '10086', '', 'image/781c1984-ebe1-43c1-adb1-0d42180b7fd6.jpg', '', 2896, 1652, 'PC', '棕色', 5, 0, 5, 'yes', '2022-04-30 14:47:24', '2022-04-18 09:10:52');
INSERT INTO `image` VALUES ('0000100001000000100010000100000110110100110010100111101110111101', 'admin', '', 'image/img30b6b3eb-c98b-49aa-a1c1-9204ea9a976d.png', '', 1242, 2688, 'Phone', '蓝色', 17, 0, 17, 'yes', '2022-05-23 09:36:59', '2022-03-31 16:05:03');
INSERT INTO `image` VALUES ('0000100101011010110100101000000101101110100001000100011010110010', 'admin', '', 'image/imgd371720d-34cd-48a5-bdcc-d3d90e2c553e.png', '', 1242, 2688, 'Phone', '黑白', 20, 0, 20, 'yes', '2022-04-29 15:02:03', '2022-03-31 15:59:47');
INSERT INTO `image` VALUES ('0000101101000111101000000001001001010101000100100100111000001100', 'admin', '', 'image/40d1a778-d21f-4223-bb91-8c91dba32e18.png', '', 329, 419, 'Square', '棕色', 1, 0, 1, 'yes', '2022-04-25 10:42:17', '2022-03-31 16:08:24');
INSERT INTO `image` VALUES ('0000111010001001111100000011111100100000100010110111110011111101', 'admin', '', 'image/dabc4582-4af1-4b3c-b166-0bd0049990b2.png', '', 3840, 2160, 'PC', '黑白', 0, 0, 0, 'yes', '2022-04-29 15:11:27', '2022-04-29 15:11:27');
INSERT INTO `image` VALUES ('0000111100010000000000001110010111111011110011000000011100101000', 'admin', '', 'image/85df6b6a-74cd-44d3-87ea-3dac259d970e.png', '', 425, 850, 'Phone', '棕色', 2, 0, 2, 'yes', '2022-05-18 21:01:48', '2022-03-31 16:08:12');
INSERT INTO `image` VALUES ('0001001011110001010011101010011101001001110101101010101100010000', 'admin', 'hHA', 'image/e37569db-bee9-4244-a892-9c01122ba55a.png', '', 1280, 2770, 'Phone', '黑白', 4, 0, 40, 'yes', '2022-05-23 10:35:16', '2022-04-28 18:44:41');
INSERT INTO `image` VALUES ('0001011111000110001011010111111011000000001100011000001101010110', 'admin', '', 'image/6c1cfe41-283b-45c5-be05-80a3e86405de.jpg', '', 1080, 2337, 'Phone', '黑白', 6, 0, 11, 'yes', '2022-05-23 09:43:04', '2022-05-18 22:57:50');
INSERT INTO `image` VALUES ('0001101100001101000101110010000000001001000100100010000100001110', '10086', '', 'image/1025875a-5ad8-4e5c-aa35-e47b0a076d5a.png', '', 1920, 1080, 'PC', '棕色', 3, 0, 33, 'yes', '2022-04-29 16:02:01', '2022-04-18 09:18:49');
INSERT INTO `image` VALUES ('0001101101011100100000111000000110100010110001011101001101100110', 'admin', '', 'image/b5e7eec6-9df2-4294-a05d-708c611daee7.png', '', 1080, 1920, 'Phone', '黑白', 4, 0, 4, 'yes', '2022-04-28 20:29:06', '2022-03-31 16:08:20');
INSERT INTO `image` VALUES ('0001111101000000000100111101111000101101001011111100011110111000', '10086', '', 'image/dc90fa89-2bd0-40b7-b086-015f63c80e3d.png', '', 1920, 1260, 'PC', '黑白', 18, 0, 18, 'yes', '2022-04-29 15:02:20', '2022-04-18 09:18:23');
INSERT INTO `image` VALUES ('0010000101011010101100111011010011101101110011100001000111100110', 'admin', '', 'image/img1abd9c87-e95f-4230-8d71-180f826d4e36.png', '', 1600, 3462, 'Phone', '黑白', 16, 3, 28, 'yes', '2022-05-22 21:35:18', '2022-03-31 16:04:50');
INSERT INTO `image` VALUES ('0010000101111011011101101111111100100100110010100011110101010110', 'admin', '', 'image/739004e2-c3ae-4089-9b48-59b56911e3f3.png', '', 776, 433, 'PC', '黑白', 16, 2, 43, 'yes', '2022-05-23 09:40:55', '2022-03-31 16:12:33');
INSERT INTO `image` VALUES ('0010001100000101111010101110100111111100111110001001111110011111', '10086', '', 'image/d2e64e42-51a6-4781-8b87-72c5ec0846d0.jpg', '', 3840, 2160, 'PC', '黑白', 0, 0, 0, 'yes', '2022-04-25 10:42:18', '2022-04-18 09:18:44');
INSERT INTO `image` VALUES ('0010010100111001001101100100101010110101011010100101011111100111', 'admin', '', 'image/65fefaca-0915-4ae9-923f-b920a347d0e7.png', '', 1980, 1080, 'PC', '黑白', 8, 1, 18, 'yes', '2022-05-23 09:37:45', '2022-04-29 15:11:34');
INSERT INTO `image` VALUES ('0010101001011001000001001110001110110100111110111100010001000011', '10011', '', 'image/3bb66ca8-e3b8-4791-88de-ef2afb56e6a8.png', '', 270, 169, 'PC', '棕色', 1, 0, 6, 'yes', '2022-05-23 09:39:32', '2022-04-29 16:01:03');
INSERT INTO `image` VALUES ('0010110111010011011111110010000011111001100000111101111011100011', '10011', '测试', 'image/50220759-ed0f-4c56-8e46-3703150bace1.jpeg', '五', 1730, 2448, 'Square', '黑白', 2, 0, 2, 'yes', '2022-05-07 23:39:14', '2022-04-30 18:44:52');
INSERT INTO `image` VALUES ('0011000011001011011111111010110001111100101101001101110010100101', '10086', '', 'image/4c16e59a-0658-4f2b-b43b-dda451c2e2f3.jpg', '', 3756, 2202, 'PC', '蓝色', 9, 0, 90, 'yes', '2022-05-18 22:44:48', '2022-04-18 09:13:26');
INSERT INTO `image` VALUES ('0011001110001111111100111111010001001011000000111111110011111110', 'admin', '', 'image/2320f274-5b2f-486e-9d49-7f2e7bbe8ebc.jpg', '', 1920, 1080, 'PC', '棕色', 16, 0, 16, 'yes', '2022-04-29 15:02:20', '2022-03-31 16:12:38');
INSERT INTO `image` VALUES ('0011010110001010001111011101111100001001111100100000000000000000', 'admin', '', 'image/81ee043c-1bff-43df-b5da-8ad7a663123c.png', '', 510, 755, 'Square', '棕色', 15, 3, 15, 'yes', '2022-04-29 16:02:19', '2022-03-31 16:13:06');
INSERT INTO `image` VALUES ('0011110111011000100101110001011001101000111011111111111001000011', '10011', '', 'image/b7aba577-d4b7-4843-9746-644a29ffff23.jpg', '', 1080, 1920, 'Phone', '棕色', 1, 0, 1, 'yes', '2022-05-23 09:38:22', '2022-04-30 15:08:04');
INSERT INTO `image` VALUES ('0011111000111110100001010111110111000111011111111101110011111111', '10086', '', 'image/761ada8d-5f7a-4519-ab15-a6d364e7b4e9.png', '', 1920, 1080, 'PC', '蓝色', 8, 2, 38, 'yes', '2022-04-28 09:58:35', '2022-04-25 19:20:50');
INSERT INTO `image` VALUES ('0011111001000001011010000011000011111101110111100100111011111001', '10086', '', 'image/2c796278-8d62-481e-89f2-6f2e933bb769.png', '', 1080, 1920, 'Phone', '黑白', 69, 0, 69, 'yes', '2022-04-29 15:18:22', '2022-04-25 19:19:00');
INSERT INTO `image` VALUES ('0011111011010011110011000011101000010100110000111110110110000001', '10086', '', 'image/f7232658-1c8d-4427-8480-7b07f92c3bdc.png', '', 1920, 1030, 'PC', '黑白', 72, 1, 82, 'yes', '2022-05-22 21:35:25', '2022-04-18 09:13:21');
INSERT INTO `image` VALUES ('0011111111000000111110100000110000100110110111010111011111111001', '10086', '', 'image/1d17200d-9aad-4125-8413-3e03578f3c2f.jpg', '', 3840, 2160, 'PC', '黑白', 20, 0, 20, 'yes', '2022-05-18 19:43:18', '2022-04-18 09:13:55');
INSERT INTO `image` VALUES ('0100000111100100100010110000010011101010001001111101001100110111', '10086', '', 'image/7248b169-d7ac-4aee-83dc-a7b7f736afe6.jpg', '', 1080, 2340, 'Phone', '黑白', 18, 1, 181, 'yes', '2022-04-30 14:45:14', '2022-04-18 09:14:40');
INSERT INTO `image` VALUES ('0100000111111110100010001000111111110011100011000100001000100001', 'admin', '比卡丘', 'image/850bc1aa-e0e3-4c9b-bdef-9541096936d4.jpeg', '我其实很喜欢这张图拉····~', 1024, 589, 'PC', '青色', 5, 0, 5, 'yes', '2022-05-23 09:38:24', '2022-05-07 22:47:57');
INSERT INTO `image` VALUES ('0100001100010101100000000001101011011011111101001111100011111000', '10086', '', 'image/b4ff01ee-ad36-4963-adac-aaeba9c61d12.png', '', 1920, 1080, 'PC', '黑白', 17, 0, 17, 'yes', '2022-04-29 15:06:11', '2022-04-25 19:20:43');
INSERT INTO `image` VALUES ('0100010010111000000000111001110101101111101101001100000100101001', '10086', '', 'image/9813bdaf-c21e-41e3-9487-470cd3890848.png', '', 4000, 2250, 'PC', '蓝色', 19, 1, 169, 'yes', '2022-05-23 09:37:50', '2022-04-18 09:10:47');
INSERT INTO `image` VALUES ('0100101110111110111101111100100000001000011111101111101111110111', '10086', '分678', 'image/ef0b2a38-2eb1-4b50-8a27-e11a3b519fb6.png', '风格豆腐干', 1920, 1080, 'PC', '青色', 0, 0, 0, 'no', '2022-04-27 01:43:56', '2022-04-25 19:21:19');
INSERT INTO `image` VALUES ('0100110000111111011001011111100010111111011000111101001101101111', 'admin', '', 'image/69d4d560-e904-413c-9faa-cc2c77ac2306.jpg', '', 1920, 1080, 'PC', '黑白', 17, 1, 173, 'yes', '2022-05-22 21:32:01', '2022-03-31 16:12:03');
INSERT INTO `image` VALUES ('0101000110010110011000101001111111110001011111111111110000011101', '10086', '', 'image/972ff889-a9fb-4ddf-8eef-43a9def3c82a.png', '', 1920, 1200, 'PC', '黑白', 7, 0, 7, 'yes', '2022-04-29 15:02:20', '2022-04-18 09:11:00');
INSERT INTO `image` VALUES ('0101001110101100100110110000100001110110010001111101101110101101', 'admin', '', 'image/img91b82b93-1e24-4647-a0e1-071bdb145f02.png', '', 1242, 2688, 'Phone', '黑白', 77, 0, 77, 'yes', '2022-05-23 09:38:17', '2022-03-31 15:58:05');
INSERT INTO `image` VALUES ('0101100011110111000111110111110000000001100001011011011000101001', 'admin', '', 'image/5c3966bb-b23b-48e1-a933-d338e2f1f382.png', '', 1600, 2366, 'Square', '蓝色', 15, 0, 152, 'yes', '2022-04-29 16:02:28', '2022-03-31 16:11:21');
INSERT INTO `image` VALUES ('0101101011110011100011010010111000100010010101001000111000111000', 'admin', '', 'image/3a317618-6cbe-4091-81d9-0a990bc33335.jpg', '', 1080, 1440, 'Square', '黑白', 15, 0, 159, 'yes', '2022-04-29 16:02:30', '2022-03-31 16:11:33');
INSERT INTO `image` VALUES ('0101111010101110100111000101010110111011111010011111011111111111', '10086', '尔特', 'image/fa73d028-5982-4bf5-9b8b-9afe966ed2ee.png', '二try风格和', 700, 700, 'Square', '黑白', 16, 2, 51, 'yes', '2022-05-23 09:35:19', '2022-04-25 19:26:03');
INSERT INTO `image` VALUES ('0110000000000000110100011100001010111111010111111010111111111111', '10086', '', 'image/6ee45974-20f4-4cc0-a78b-aec8bc1c069b.jpg', '', 6000, 2797, 'PC', '青色', 1, 0, 1, 'yes', '2022-05-23 09:38:26', '2022-04-18 09:10:39');
INSERT INTO `image` VALUES ('0110000011000000010000000011001100011000110001000110001110111000', 'admin', '', 'image/686b01ea-cb66-4164-9cbd-afd67240e9e5.jpg', '', 1080, 2400, 'Phone', '蓝色', 0, 0, 0, 'no', '2022-05-23 10:35:42', '2022-05-23 10:33:43');
INSERT INTO `image` VALUES ('0110000100000000111000100100000010111001111001000101100101111010', 'admin', '', 'image/img972ad672-90fd-4666-8870-326454c4d877.png', '', 1080, 1920, 'Phone', '黑白', 77, 0, 77, 'yes', '2022-05-07 22:44:26', '2022-03-31 16:05:09');
INSERT INTO `image` VALUES ('0110001000110000100011101111100010100001111000101111101111101101', 'admin', '', 'image/adbc44af-7779-4aab-9375-cbe195a62b30.jpg', '', 1920, 1080, 'PC', '棕色', 38, 0, 38, 'yes', '2022-04-29 15:06:11', '2022-03-31 16:12:28');
INSERT INTO `image` VALUES ('0110001100111010110011010111001010110101110010101100110001011001', 'admin', '', 'image/img1648712712243.jpg', '', 750, 750, 'Square', '青色', 16, 3, 16, 'yes', '2022-04-29 16:02:39', '2022-03-31 15:45:19');
INSERT INTO `image` VALUES ('0110010010100111010100001111111010101100110100010000101000010101', 'admin', '', 'image/img1648712103335.png', '', 1240, 1754, 'Square', '黑白', 19, 1, 20, 'yes', '2022-05-18 21:08:42', '2022-03-31 15:35:35');
INSERT INTO `image` VALUES ('0110010110000000110111110000111111110000100100100010011111010000', 'admin', '', 'image/img1648712022778.jpg', '', 2000, 1365, 'PC', '黑白', 13, 0, 14, 'yes', '2022-05-18 22:44:41', '2022-03-31 15:33:49');
INSERT INTO `image` VALUES ('0110011011111001000100100110111110111001100111101111000001100111', 'admin', '', 'image/463535a6-8587-4372-9cbb-ae6c95c4ce27.png', '', 1080, 1920, 'Phone', '橙色', 18, 3, 23, 'yes', '2022-05-23 09:35:31', '2022-03-31 16:09:11');
INSERT INTO `image` VALUES ('0110011110111001110101011000000101111110101001101011100011100011', 'admin', '抽象', 'image/img1648711784603.jpg', '', 2033, 1596, 'Square', '黑白', 3, 0, 3, 'yes', '2022-04-25 10:37:19', '2022-03-31 15:30:28');
INSERT INTO `image` VALUES ('0110100011001011101111000100010111101111010100011001111101101100', 'admin', '', 'image/8360a657-e76f-4506-8825-060277f077f1.png', '', 1080, 2340, 'Phone', '棕色', 0, 0, 0, 'yes', '2022-04-30 14:45:41', '2022-04-30 14:45:41');
INSERT INTO `image` VALUES ('0110101010000011100100001110001100000011000111001111111110000000', 'admin', '过好几个', 'image/77152f1d-4466-44cb-8ee5-f6ed625b82b2.png', '附加费', 3508, 2480, 'PC', '黑白', 57, 3, 87, 'yes', '2022-04-29 15:06:11', '2022-04-27 15:02:30');
INSERT INTO `image` VALUES ('0110101100010001100111111111011100110100110010000110101010010111', 'admin', '', 'image/img1648712835826.png', '', 500, 500, 'Square', '棕色', 6, 0, 6, 'yes', '2022-05-18 22:44:43', '2022-03-31 15:50:12');
INSERT INTO `image` VALUES ('0110111110010111011010000011001100000111010111011010001001011110', 'admin', '', 'image/5b49471b-ce15-4657-b32c-8b1e43373e92.png', '', 1920, 1080, 'PC', '棕色', 4, 0, 4, 'yes', '2022-05-18 19:45:17', '2022-03-31 16:10:28');
INSERT INTO `image` VALUES ('0111000110010111001011100010001110110100001111111000101011000100', '10086', '', 'image/4693e2f5-ed3b-493c-985d-a1a677ff8bdb.jpg', '', 5706, 2853, 'PC', '棕色', 0, 0, 0, 'yes', '2022-04-25 10:37:20', '2022-04-18 09:14:28');
INSERT INTO `image` VALUES ('0111010100111000000111011100000001010111101110101110011111011010', 'admin', '', 'image/img1648713111698.png', '', 700, 700, 'Square', '黑白', 15, 0, 16, 'yes', '2022-05-18 20:25:07', '2022-03-31 15:54:59');
INSERT INTO `image` VALUES ('0111011100110000111111011010010011011011000010101110011101010001', 'admin', '34534', 'image/a96d568a-1f8c-44de-915b-4668c0ff2770.png', '34534', 1200, 2130, 'Phone', '黑白', 1, 0, 1, 'yes', '2022-05-23 09:24:58', '2022-05-22 21:32:29');
INSERT INTO `image` VALUES ('0111011110000111011110010111001010101010110011010001001101110001', 'admin', '', 'image/50f38dd4-5f52-4033-9429-3fc406b23ac2.png', '', 500, 846, 'Phone', '黑白', 21, 1, 22, 'yes', '2022-04-29 16:02:47', '2022-03-31 16:11:38');
INSERT INTO `image` VALUES ('0111100111001110011010111011000011011100000000111000001011010010', 'admin', '', 'image/img1648712835833.png', '', 774, 775, 'Square', '黑白', 3, 0, 3, 'yes', '2022-04-29 15:02:20', '2022-03-31 15:49:42');
INSERT INTO `image` VALUES ('0111101011100001101110000101011101001111001110110000010000010111', '10086', '34534', 'image/77785b30-7753-41dc-9a83-c783343f8207.png', '3453', 1920, 1200, 'PC', '黑白', 22, 2, 123, 'yes', '2022-05-23 09:36:46', '2022-04-25 19:20:57');
INSERT INTO `image` VALUES ('0111101110110000001100000101101110000100000101111110111100101111', 'admin', '', 'image/97a989dc-a6c8-49d4-9197-9a44b4c1f0a3.png', '', 1158, 1637, 'Square', '黑白', 0, 0, 0, 'yes', '2022-05-23 09:46:25', '2022-05-23 09:43:40');
INSERT INTO `image` VALUES ('0111110000110000101110111110111000100001110011100000010111101001', 'admin', '', 'image/0eba370e-96af-44a2-a8e5-ebefb5e4caca.png', '', 238, 357, 'Square', '黑白', 1, 1, 11, 'yes', '2022-05-18 19:49:28', '2022-03-31 16:08:28');
INSERT INTO `image` VALUES ('0111111000001001110000001111110010110101000111001111110111100011', '10011', '', 'image/2fd4a08f-67df-4db7-9868-8bb5a717394d.png', '', 1080, 1920, 'Phone', '棕色', 1, 0, 1, 'yes', '2022-05-18 22:44:37', '2022-04-29 16:00:57');
INSERT INTO `image` VALUES ('0111111110011111111101111110111100000110111010001110100111110000', 'admin', '', 'image/5d0b57e2-0ed8-4d78-8782-5f5a5807284e.jpg', '', 1080, 2337, 'Phone', '蓝色', 0, 0, 0, 'yes', '2022-05-18 22:51:58', '2022-05-18 22:51:58');
INSERT INTO `image` VALUES ('1000000000011111000111110000000011110000101111001110011001111111', 'admin', '', 'image/e50fcec9-cc2b-40e4-b5f7-1ed96936c234.png', '', 1920, 1080, 'PC', '青色', 12, 1, 14, 'yes', '2022-04-29 16:02:52', '2022-03-31 16:09:54');
INSERT INTO `image` VALUES ('1000000010000111111000111111111011111101111100111111111011110101', '10011', '', 'image/b08fc9b5-8519-424a-9550-a46484b7b653.png', '', 1920, 1200, 'PC', '黑白', 0, 0, 0, 'yes', '2022-04-29 16:00:53', '2022-04-29 16:00:53');
INSERT INTO `image` VALUES ('1000000011110001010000110001110101111110100000101110000111111110', 'admin', '旧物', 'image/img1648711706890.png', '', 690, 388, 'PC', '黑白', 2, 0, 2, 'yes', '2022-04-29 16:37:04', '2022-03-31 15:28:40');
INSERT INTO `image` VALUES ('1000001000011000100000100111000111010111000100001010110011111011', 'admin', '', 'image/img1648713111701.png', '', 1024, 1022, 'Square', '棕色', 12, 0, 12, 'yes', '2022-05-22 21:31:34', '2022-03-31 15:52:48');
INSERT INTO `image` VALUES ('1000010001000000100000111100111010010000111101110011110111001011', '10086', '', 'image/d73c5572-c4ca-489e-847f-750cfacf4d17.png', '', 1920, 1080, 'PC', '黑白', 10, 0, 104, 'yes', '2022-05-23 00:44:46', '2022-04-20 09:36:21');
INSERT INTO `image` VALUES ('1000010011100010000101001100000100111110111110111110110100010110', '10086', '', 'image/e6c42f9d-7881-464a-a85c-08d5540ae141.jpg', '', 5472, 3078, 'PC', '蓝色', 23, 0, 23, 'yes', '2022-04-29 15:06:11', '2022-04-18 09:10:30');
INSERT INTO `image` VALUES ('1000010101100110001000010100110010111100000000101110010001111110', 'admin', '', 'image/img1648712123820.png', '', 597, 570, 'Square', '黑白', 15, 1, 142, 'yes', '2022-05-23 10:35:08', '2022-03-31 15:36:21');
INSERT INTO `image` VALUES ('1000100011010110110110011111101011100001110111001101001011011110', 'admin', '', 'image/1f244998-b87a-4b83-add3-d7aad628f983.png', '', 1704, 2667, 'Phone', '黑白', 11, 1, 119, 'yes', '2022-05-18 19:46:11', '2022-03-31 16:13:23');
INSERT INTO `image` VALUES ('1000110011000001110110111010011100111000011101001110001110100000', '10086', '', 'image/020d9542-690d-41ac-9249-8bb173b9f366.png', '', 2160, 1440, 'PC', '蓝色', 31, 0, 31, 'yes', '2022-04-29 15:59:35', '2022-04-18 09:13:42');
INSERT INTO `image` VALUES ('1000111110101000010000010011000111100010000111111110111000100110', 'admin', '可爱', 'image/img1648649807097.png', '', 428, 368, 'Square', '黑白', 1, 0, 1, 'yes', '2022-04-25 10:37:22', '2022-03-30 22:16:58');
INSERT INTO `image` VALUES ('1001001011111111001010001100000000011100000000110001011000001101', '10086', '', 'image/3019720e-c8f3-4e9a-95d4-f24f22d194c6.png', '', 1920, 1200, 'PC', '青色', 13, 0, 13, 'yes', '2022-04-29 15:06:11', '2022-04-18 09:18:58');
INSERT INTO `image` VALUES ('1001010001000111000101001111100111011111001010001110111110010111', 'admin', '', 'image/fd5ef524-bb7d-4705-96a1-b28279a5a863.png', '', 1080, 2340, 'Phone', '棕色', 1, 0, 1, 'yes', '2022-05-18 19:45:00', '2022-05-18 16:15:14');
INSERT INTO `image` VALUES ('1001010101010110001111111010111111000100110111111011000101100110', 'admin', '', 'image/54e7b776-e8fb-4d96-92a1-418d9707d992.jpg', '', 1080, 1830, 'Phone', '黑白', 14, 1, 134, 'yes', '2022-05-23 09:37:29', '2022-03-31 16:12:55');
INSERT INTO `image` VALUES ('1001110101100110011110111111110010110111000111010110100111010110', 'admin', '', 'image/bb3f1718-39a0-4ad1-80a2-971ea4cab705.jpg', '', 1080, 2281, 'Phone', '黑白', 0, 0, 0, 'yes', '2022-05-18 22:57:30', '2022-05-18 22:57:30');
INSERT INTO `image` VALUES ('1001111111000100010100011000110111100111001010100101001101101001', '10086', '', 'image/b91c740b-3e9d-4ef2-8c64-1e51736749fc.jpg', '', 1080, 1920, 'Phone', '黑白', 14, 0, 14, 'yes', '2022-04-29 16:36:02', '2022-04-18 09:18:32');
INSERT INTO `image` VALUES ('1010000110011101000001001100001000011111011011111001000000101001', '10086', '', 'image/12e93eaa-038d-4bc2-a902-f9165d3697cd.png', '', 2000, 1126, 'PC', '黑白', 29, 0, 29, 'yes', '2022-05-07 22:44:53', '2022-04-19 14:56:03');
INSERT INTO `image` VALUES ('1010010001101011100111110011110110010110011000110111111010001101', 'admin', '', 'image/60828b03-a047-4cc2-b4db-31d7c65f6801.png', '', 1920, 1080, 'PC', '黑白', 26, 3, 229, 'yes', '2022-05-23 09:39:00', '2022-03-31 16:09:25');
INSERT INTO `image` VALUES ('1010111101000000101010000011100000000111111110000110010010100010', 'admin', '', 'image/img1648712115732.png', '', 500, 500, 'Square', '棕色', 13, 2, 131, 'yes', '2022-04-29 16:03:01', '2022-03-31 15:36:13');
INSERT INTO `image` VALUES ('1011000001001000000001010000100101010000010111111010000100010111', '10086', '', 'image/8340c5a7-a0e8-444c-a4c6-574ea7e1892f.jpg', '', 1000, 2000, 'Phone', '黑白', 76, 0, 76, 'yes', '2022-04-29 15:06:11', '2022-04-18 09:13:47');
INSERT INTO `image` VALUES ('1011110111110010000111010111001101110000100011101110011111010001', 'admin', '', 'image/imgdb2f28ae-0858-4ab9-8b46-ecc160e6d4c9.png', 'wu ', 267, 600, 'Phone', '黑白', 11, 1, 116, 'yes', '2022-05-23 09:38:20', '2022-03-31 15:57:39');
INSERT INTO `image` VALUES ('1011111101000100010000010111111011010001101000100010010010001001', '10086', '', 'image/eade6145-0e0c-466e-baad-19dfa89a8735.png', '', 1280, 640, 'PC', '紫色', 74, 0, 74, 'yes', '2022-04-29 15:06:11', '2022-04-18 09:12:42');
INSERT INTO `image` VALUES ('1100001111110110111011100100000010011011111101001111011110111101', 'admin', '', 'image/0db391db-ea78-4cf2-8c21-9ba98a847e6c.jpg', '', 1080, 1080, 'Square', '黑白', 20, 2, 225, 'yes', '2022-05-18 19:46:40', '2022-03-31 16:13:29');
INSERT INTO `image` VALUES ('1100011000111111110101100110110110010000001011101110011111100010', 'admin', '', 'image/042f3a12-f9fc-41a4-879c-885c2d2ae9cd.jpg', '', 1080, 1440, 'Square', '黑白', 17, 0, 152, 'yes', '2022-05-22 21:27:11', '2022-03-31 16:11:07');
INSERT INTO `image` VALUES ('1100100000011100100000111101111101100110011110010010110110010100', 'admin', '', 'image/img1648711177334.png', '', 1440, 2560, 'Phone', '紫色', 37, 0, 37, 'yes', '2022-04-29 16:57:39', '2022-03-31 15:20:38');
INSERT INTO `image` VALUES ('1100101000011100000000011100110100110100100010101001001110111110', '10011', '', 'image/5149278a-df9e-487c-b7e1-b07cf4707e7a.jpg', '', 1080, 2280, 'Phone', '黑白', 1, 0, 1, 'yes', '2022-05-18 20:25:10', '2022-04-30 15:07:56');
INSERT INTO `image` VALUES ('1100111111110011010111101110101111111111011111101111101111110011', 'admin', '', 'image/f8f62eab-fe95-4053-93b0-d4c08557c07f.png', '', 1280, 2771, 'Phone', '黑白', 1, 0, 6, 'yes', '2022-05-23 09:41:14', '2022-05-22 21:30:45');
INSERT INTO `image` VALUES ('1101000001110011001110001000011110111100111111110010011110000100', '10086', '', 'image/b1fe9b64-e822-4766-9fc3-b656c9294a0b.png', '', 2048, 1201, 'PC', '黑白', 51, 0, 51, 'yes', '2022-05-22 21:31:39', '2022-04-25 19:20:04');
INSERT INTO `image` VALUES ('1101000100000111111011100110000010010011101110001011101101111100', 'admin', 'dfghs', 'image/282d6646-c08a-4dca-9a2c-aa64c4826ef0.jpg', '', 1080, 2400, 'Phone', '黑白', 1, 0, 6, 'yes', '2022-05-23 09:41:35', '2022-05-18 22:58:15');
INSERT INTO `image` VALUES ('1101000110100011111110111000000111001111111111111111100111101111', 'admin', '', 'image/cbaf6c47-8d2f-4e55-879d-5a089c196236.jpg', '', 2276, 1280, 'PC', '黑白', 2, 0, 2, 'yes', '2022-05-23 10:34:39', '2022-04-29 15:12:31');
INSERT INTO `image` VALUES ('1101001011001101101000110001111011110001010101111111111111000001', '10086', '', 'image/314a46ae-6171-4e97-bb27-a092add833c2.png', '', 1920, 1357, 'PC', '黑白', 50, 0, 50, 'yes', '2022-04-29 15:06:11', '2022-04-25 19:20:30');
INSERT INTO `image` VALUES ('1101001111001100011100010001000100000100111111001010000101000011', 'admin', '', 'image/5a5c0ea5-afe4-426a-b9a0-9bc14c417524.png', '', 1600, 2842, 'Phone', '棕色', 0, 0, 0, 'yes', '2022-05-18 16:13:32', '2022-05-18 16:13:32');
INSERT INTO `image` VALUES ('1101010010111111111110010011110011011111100000001111010111111001', '10086', '', 'image/e326d93d-20a4-40ed-97d3-d44eb18904c3.png', '', 3840, 2160, 'PC', '黑白', 50, 0, 50, 'yes', '2022-05-22 21:34:53', '2022-04-18 09:14:05');
INSERT INTO `image` VALUES ('1101101011100111001101000101010111101011000001111101100010100011', 'admin', '', 'image/a13ceaf6-4e21-49ae-a474-fbeae1b95d40.png', '', 343, 514, 'Square', '橙色', 13, 2, 136, 'yes', '2022-05-22 21:27:21', '2022-03-31 16:08:16');
INSERT INTO `image` VALUES ('1101101111110111010011011000011100001011001100110111000110110111', '10086', '', 'image/933a9099-b7ef-4bf5-a409-316f71ebe754.png', '', 1080, 1920, 'Phone', '棕色', 49, 0, 49, 'yes', '2022-05-18 22:39:33', '2022-04-18 09:12:36');
INSERT INTO `image` VALUES ('1101101111111101001100100110110101110101100111111110000101000010', 'admin', '', 'image/f5de0dfb-58ab-43d2-ac3f-a0c315afcb13.png', '', 1667, 2358, 'Square', '棕色', 1, 0, 1, 'yes', '2022-04-29 16:56:46', '2022-04-29 15:11:20');
INSERT INTO `image` VALUES ('1101110111111111111110110111001111111111111101101111111110111110', 'admin', '', 'image/fd1cfbee-c6d5-4d85-b93e-346b18a14ce4.png', '', 1080, 1920, 'Phone', '蓝色', 0, 0, 0, 'yes', '2022-04-25 10:37:24', '2022-03-31 16:09:06');
INSERT INTO `image` VALUES ('1110001001010000001001100001100011110010001101110101111110111111', 'admin', '', 'image/7472a9fa-b919-42ec-af14-f30ce2b07869.jpg', '', 1080, 1920, 'Phone', '棕色', 1, 0, 1, 'yes', '2022-05-18 22:39:16', '2022-04-29 15:11:13');
INSERT INTO `image` VALUES ('1110001110011101011010000001011100100000110110111000000101101101', '10086', '', 'image/3487124d-ac94-40bd-81da-097aa5ad7062.jpg', '', 1080, 1852, 'Phone', '黑白', 9, 0, 9, 'yes', '2022-04-29 15:06:11', '2022-04-18 09:18:54');
INSERT INTO `image` VALUES ('1110001111011011111111101010011111001001010010100111011011111101', '10086', '', 'image/9a38ba15-90c8-421c-aba7-2d27d0d02697.jpg', '', 1920, 1080, 'PC', '青色', 11, 0, 11, 'yes', '2022-05-18 22:40:54', '2022-04-20 22:58:11');
INSERT INTO `image` VALUES ('1110001111110111111101111110111011111100111110001111111111111111', 'admin', '', 'image/img2bf108f5-3b62-45ac-a320-0fed6126b7a4.png', '', 1080, 1920, 'Phone', '黑白', 1, 0, 1, 'yes', '2022-04-29 15:59:31', '2022-03-31 15:57:24');
INSERT INTO `image` VALUES ('1110011010110100111111111001000000011111111011100100011110011111', 'admin', '', 'image/750477f9-5242-4b7d-a3af-b178010b9a8c.png', '', 510, 724, 'Square', '棕色', 102, 0, 102, 'yes', '2022-05-22 21:28:03', '2022-03-31 16:13:35');
INSERT INTO `image` VALUES ('1110011111111011111100101100110111100011110101011100111011011001', 'admin', '3213', 'image/72136c80-4e6f-40ee-972f-3659dde3d6b3.jpg', '54', 1080, 1920, 'Phone', '黑白', 1, 1, 11, 'yes', '2022-05-23 10:34:25', '2022-04-30 14:45:51');
INSERT INTO `image` VALUES ('1110100110011110000001100101100100100010001000001101110111111111', 'admin', '', 'image/55835a3c-01d1-4c36-96b1-b97aead22169.jpg', '', 1920, 1080, 'PC', '黑白', 46, 0, 46, 'yes', '2022-05-07 10:58:59', '2022-03-31 16:11:57');
INSERT INTO `image` VALUES ('1110101100010000000011011100010011100010011111011110010111110010', 'admin', '', 'image/img1648713111712.png', '', 1920, 1200, 'PC', '橙色', 12, 1, 121, 'yes', '2022-05-23 09:37:43', '2022-03-31 15:52:32');
INSERT INTO `image` VALUES ('1110111100010000010101011010100111111001011010101001011000001100', 'admin', '', 'image/151eb8c0-c979-451a-b84e-1828a66d37bc.png', '', 1242, 2688, 'Phone', '黑白', 11, 1, 129, 'yes', '2022-04-29 16:03:12', '2022-03-31 16:08:49');
INSERT INTO `image` VALUES ('1111000010100110000110111100000000000010010001011001011011111011', '10086', '', 'image/1627d44b-9da0-4c9d-9341-30885bbfc552.png', '', 2048, 1536, 'PC', '青色', 5, 0, 5, 'yes', '2022-04-29 15:06:11', '2022-04-25 19:20:23');
INSERT INTO `image` VALUES ('1111001110000100111111011111100101110111111110101111111111111111', 'admin', '', 'image/31436896-362a-4554-97ae-e401b0c4bdf7.png', '', 1920, 1200, 'PC', '黑白', 10, 1, 20, 'yes', '2022-04-30 18:44:30', '2022-03-31 16:10:35');
INSERT INTO `image` VALUES ('1111010101011011100100100000000100111110111000001111001001101110', 'admin', '时代少年团', 'image/img1648711172592.png', '', 2000, 2998, 'Square', '黑白', 10, 0, 101, 'yes', '2022-04-29 16:03:14', '2022-03-31 15:20:29');
INSERT INTO `image` VALUES ('1111010110111011111111110111101110100011011101111110111100111101', '10086', '', 'image/83fab28e-be24-42a8-9227-5efaa31c8c21.png', '', 3780, 2565, 'PC', '黑白', 17, 1, 27, 'yes', '2022-04-30 14:56:42', '2022-04-18 09:13:05');
INSERT INTO `image` VALUES ('1111010111100111111111111111000111110101111111011111000111111111', 'admin', '', 'image/aaf75a11-c256-41dc-a27b-07c898f79090.png', '', 3000, 3000, 'Square', '黑白', 10, 1, 20, 'yes', '2022-04-29 15:06:11', '2022-03-31 16:10:11');
INSERT INTO `image` VALUES ('1111011111101100101010010110111111111110111000101101101111000100', 'admin', '', 'image/img1648712232069.png', '', 500, 500, 'Square', '棕色', 30, 0, 30, 'yes', '2022-04-29 15:02:03', '2022-03-31 15:37:20');
INSERT INTO `image` VALUES ('1111100001000001010100011001001010000110011100101110100010111100', '10086', '', 'image/508d6498-6308-4ee3-99b9-e1ac40f5a703.png', '', 1600, 2844, 'Phone', '青色', 4, 0, 4, 'yes', '2022-04-29 15:59:22', '2022-04-18 09:19:01');
INSERT INTO `image` VALUES ('1111101001110000101100111100111110110111001000010010011000011111', 'admin', '', 'image/a8b1b690-58bf-489b-a08c-9502679f0af6.jpg', '', 1080, 1920, 'Phone', '黑白', 0, 0, 0, 'yes', '2022-05-18 22:56:36', '2022-05-18 22:56:36');
INSERT INTO `image` VALUES ('1111101110010001111110101000000110110000101101101100011111011001', '10086', '', 'image/e78a8731-9c0d-4a67-b312-6863ad32d932.jpg', '', 2652, 2512, 'Square', '紫色', 20, 0, 20, 'yes', '2022-04-29 15:58:47', '2022-04-18 09:14:50');
INSERT INTO `image` VALUES ('1111110001111111111110011111111110100001110101101011111010011111', 'admin', '', 'image/cb44b847-df23-41a5-af47-b78b12d07a28.png', '', 1600, 3462, 'Phone', '绿色', 0, 0, 0, 'yes', '2022-05-18 22:50:54', '2022-05-18 22:50:54');
INSERT INTO `image` VALUES ('1111110011010011111111101000001111110000010010111001100001000111', 'admin', '', 'image/img1648713111735.png', '', 1600, 3462, 'Phone', '黑白', 23, 0, 23, 'yes', '2022-05-18 19:45:22', '2022-03-31 15:52:07');
INSERT INTO `image` VALUES ('1111110011110110001000111100110101011010100101001110001101110010', '10011', '', 'image/73de74ad-ebd6-4cc0-88c8-917b016079ca.jpeg', '', 3000, 3000, 'Square', '黑白', 0, 0, 0, 'yes', '2022-04-30 15:07:48', '2022-04-30 15:07:48');
INSERT INTO `image` VALUES ('1111110100011010011101011001011111111011001001111001111001101101', 'admin', '', 'image/61aebc76-a06c-49d1-bd5d-5e0c9b99442a.jpg', '', 911, 1600, 'Phone', '黑白', 8, 0, 82, 'yes', '2022-04-29 16:03:18', '2022-03-31 16:13:13');
INSERT INTO `image` VALUES ('1111111010111101111011000000101110110011110011010111000001111111', 'admin', '', 'image/c5a4aaba-980e-4c6f-b120-c1d9d93d69e5.png', '', 1321, 2202, 'Phone', '黑白', 9, 0, 96, 'yes', '2022-04-29 16:03:17', '2022-03-31 16:13:39');
INSERT INTO `image` VALUES ('1111111110001011011111110011101110111111111011111011011111001111', 'admin', '', 'image/1519c8d2-2325-4292-8c7c-58d6b2717595.png', '', 1500, 2666, 'Phone', '黑白', 24, 0, 169, 'yes', '2022-05-23 09:42:07', '2022-03-31 16:12:48');
INSERT INTO `image` VALUES ('1111111110111101111000111111100111101111111111111110000111000011', 'admin', '', 'image/imga1e5c0d7-665b-4fbb-a12a-e83bb103eb6d.png', '', 1080, 1920, 'Phone', '黑白', 4, 0, 4, 'yes', '2022-05-18 22:39:29', '2022-03-31 16:01:29');
INSERT INTO `image` VALUES ('1111111111111000111110101110110111100010111110011110111111110010', 'admin', '', 'image/img7c3ee45b-b379-4341-aeb2-781f17a93f3a.png', '', 1242, 2688, 'Phone', '青色', 18, 2, 187, 'yes', '2022-05-18 19:48:51', '2022-03-31 15:57:33');
INSERT INTO `image` VALUES ('1111111111111111111101111101111111110111111111110111111110100111', 'admin', '', 'image/d1fea14c-f853-4375-956f-a184cce29d19.png', '', 1920, 1080, 'PC', '蓝色', 7, 0, 7, 'yes', '2022-05-07 23:39:08', '2022-03-31 16:10:01');
INSERT INTO `image` VALUES ('1111111111111111111111111111111011111110111111111111111111111111', 'admin', '', 'image/03016d9d-96c9-420f-a55f-1e9305f61320.png', '', 2560, 1600, 'PC', '黑白', 0, 0, 0, 'yes', '2022-04-25 10:42:29', '2022-03-31 16:10:43');
INSERT INTO `image` VALUES ('1111111111111111111111111111111111000111111111111111111111111111', 'admin', '', 'image/b42e681d-a725-4325-8549-1b7f5d35a919.jpg', '', 1920, 1080, 'PC', '蓝色', 23, 1, 238, 'yes', '2022-05-23 09:37:47', '2022-03-31 16:10:15');
INSERT INTO `image` VALUES ('1111111111111111111111111111111111111111111111111111111111111111', 'admin', '', 'image/bcc353bc-1b8f-41c8-95f4-6172ade2d515.png', '', 1920, 1080, 'PC', '黑白', 3, 1, 13, 'yes', '2022-04-25 10:42:29', '2022-03-31 16:08:59');

-- ----------------------------
-- Table structure for imagelike
-- ----------------------------
DROP TABLE IF EXISTS `imagelike`;
CREATE TABLE `imagelike`  (
  `uid` varchar(20) CHARACTER SET utf8 COLLATE utf8_general_ci NOT NULL COMMENT '所归属用户id',
  `hid` varchar(255) CHARACTER SET utf8 COLLATE utf8_general_ci NOT NULL COMMENT '所归属图片id',
  `type` varchar(255) CHARACTER SET utf8 COLLATE utf8_general_ci NOT NULL COMMENT 'like喜欢 dislike不喜欢',
  `num` int(0) NULL DEFAULT NULL,
  `updateTime` timestamp(0) NULL DEFAULT CURRENT_TIMESTAMP(0) ON UPDATE CURRENT_TIMESTAMP(0),
  `createTime` timestamp(0) NULL DEFAULT CURRENT_TIMESTAMP(0),
  PRIMARY KEY (`uid`, `hid`) USING BTREE,
  INDEX `hid`(`hid`) USING BTREE,
  CONSTRAINT `imagelike_ibfk_1` FOREIGN KEY (`uid`) REFERENCES `userinfo` (`uid`) ON DELETE RESTRICT ON UPDATE RESTRICT,
  CONSTRAINT `imagelike_ibfk_2` FOREIGN KEY (`hid`) REFERENCES `image` (`hid`) ON DELETE RESTRICT ON UPDATE RESTRICT
) ENGINE = InnoDB CHARACTER SET = utf8 COLLATE = utf8_general_ci ROW_FORMAT = Dynamic;

-- ----------------------------
-- Records of imagelike
-- ----------------------------
INSERT INTO `imagelike` VALUES ('10010', '0011111000111110100001010111110111000111011111111101110011111111', 'like', 1, '2022-04-27 21:32:47', '2022-04-27 21:32:47');
INSERT INTO `imagelike` VALUES ('10010', '0101111010101110100111000101010110111011111010011111011111111111', 'like', 1, '2022-04-27 21:32:44', '2022-04-27 21:32:44');
INSERT INTO `imagelike` VALUES ('10010', '0110101010000011100100001110001100000011000111001111111110000000', 'like', 1, '2022-04-27 21:32:45', '2022-04-27 21:32:45');
INSERT INTO `imagelike` VALUES ('10010', '0111101011100001101110000101011101001111001110110000010000010111', 'like', 1, '2022-04-27 21:32:46', '2022-04-27 21:32:46');
INSERT INTO `imagelike` VALUES ('10010', '1000000000011111000111110000000011110000101111001110011001111111', 'no', 2, '2022-04-29 14:53:45', '2022-04-29 14:53:43');
INSERT INTO `imagelike` VALUES ('10010', '1100001111110110111011100100000010011011111101001111011110111101', 'no', 2, '2022-04-29 14:37:33', '2022-04-29 14:37:32');
INSERT INTO `imagelike` VALUES ('10011', '0000000011011101101101110110011110001010101100110111110010111111', 'like', 5, '2022-04-30 15:16:34', '2022-04-30 15:15:36');
INSERT INTO `imagelike` VALUES ('10011', '0000001100000100000000000000000000000100000001110000010000000011', 'like', 1, '2022-04-06 11:39:21', '2022-04-06 11:39:21');
INSERT INTO `imagelike` VALUES ('10011', '0010000101011010101100111011010011101101110011100001000111100110', 'like', 1, '2022-04-07 09:38:38', '2022-04-07 09:38:38');
INSERT INTO `imagelike` VALUES ('10011', '0010000101111011011101101111111100100100110010100011110101010110', 'like', 1, '2022-04-06 14:36:11', '2022-04-06 14:36:11');
INSERT INTO `imagelike` VALUES ('10011', '0011010110001010001111011101111100001001111100100000000000000000', 'like', 3, '2022-04-06 14:14:33', '2022-04-06 14:14:19');
INSERT INTO `imagelike` VALUES ('10011', '0011111000111110100001010111110111000111011111111101110011111111', 'like', 1, '2022-04-27 21:32:22', '2022-04-27 21:32:22');
INSERT INTO `imagelike` VALUES ('10011', '0101111010101110100111000101010110111011111010011111011111111111', 'like', 1, '2022-04-27 21:32:19', '2022-04-27 21:32:19');
INSERT INTO `imagelike` VALUES ('10011', '0110001100111010110011010111001010110101110010101100110001011001', 'like', 5, '2022-04-02 23:56:03', '2022-04-02 23:54:47');
INSERT INTO `imagelike` VALUES ('10011', '0110010010100111010100001111111010101100110100010000101000010101', 'like', 2, '2022-04-06 11:24:20', '2022-04-06 11:22:51');
INSERT INTO `imagelike` VALUES ('10011', '0110010110000000110111110000111111110000100100100010011111010000', 'no', 4, '2022-04-06 11:46:18', '2022-04-06 11:37:25');
INSERT INTO `imagelike` VALUES ('10011', '0110011011111001000100100110111110111001100111101111000001100111', 'like', 10, '2022-04-02 23:55:24', '2022-04-02 23:42:03');
INSERT INTO `imagelike` VALUES ('10011', '0110101010000011100100001110001100000011000111001111111110000000', 'like', 1, '2022-04-27 21:32:24', '2022-04-27 21:32:24');
INSERT INTO `imagelike` VALUES ('10011', '0111010100111000000111011100000001010111101110101110011111011010', 'no', 4, '2022-04-06 11:41:34', '2022-04-06 11:40:51');
INSERT INTO `imagelike` VALUES ('10011', '0111101011100001101110000101011101001111001110110000010000010111', 'like', 1, '2022-04-27 21:32:21', '2022-04-27 21:32:21');
INSERT INTO `imagelike` VALUES ('10011', '1000000000011111000111110000000011110000101111001110011001111111', 'no', 2, '2022-04-06 11:42:04', '2022-04-06 11:41:59');
INSERT INTO `imagelike` VALUES ('10011', '1000010101100110001000010100110010111100000000101110010001111110', 'like', 1, '2022-04-06 14:31:01', '2022-04-06 14:31:01');
INSERT INTO `imagelike` VALUES ('10011', '1000100011010110110110011111101011100001110111001101001011011110', 'like', 1, '2022-04-06 14:18:54', '2022-04-06 14:18:54');
INSERT INTO `imagelike` VALUES ('10011', '1001010101010110001111111010111111000100110111111011000101100110', 'like', 1, '2022-04-06 11:39:51', '2022-04-06 11:39:51');
INSERT INTO `imagelike` VALUES ('10011', '1010010001101011100111110011110110010110011000110111111010001101', 'like', 9, '2022-04-06 11:55:14', '2022-04-06 11:54:12');
INSERT INTO `imagelike` VALUES ('10011', '1010111101000000101010000011100000000111111110000110010010100010', 'like', 1, '2022-04-06 14:30:46', '2022-04-06 14:30:46');
INSERT INTO `imagelike` VALUES ('10011', '1011110111110010000111010111001101110000100011101110011111010001', 'like', 1, '2022-04-17 23:14:48', '2022-04-17 23:14:48');
INSERT INTO `imagelike` VALUES ('10011', '1100001111110110111011100100000010011011111101001111011110111101', 'like', 1, '2022-04-17 23:15:22', '2022-04-17 23:15:22');
INSERT INTO `imagelike` VALUES ('10011', '1101101011100111001101000101010111101011000001111101100010100011', 'like', NULL, '2022-04-02 22:14:30', '2022-04-02 22:14:30');
INSERT INTO `imagelike` VALUES ('10011', '1110101100010000000011011100010011100010011111011110010111110010', 'like', 1, '2022-04-06 14:16:27', '2022-04-06 14:16:27');
INSERT INTO `imagelike` VALUES ('10011', '1110111100010000010101011010100111111001011010101001011000001100', 'like', 1, '2022-04-06 11:38:16', '2022-04-06 11:38:16');
INSERT INTO `imagelike` VALUES ('10011', '1111001110000100111111011111100101110111111110101111111111111111', 'like', 1, '2022-04-30 18:44:30', '2022-04-30 18:44:30');
INSERT INTO `imagelike` VALUES ('10011', '1111010101011011100100100000000100111110111000001111001001101110', 'like', NULL, '2022-04-02 16:13:03', '2022-04-02 16:13:03');
INSERT INTO `imagelike` VALUES ('10011', '1111111110001011011111110011101110111111111011111011011111001111', 'no', NULL, '2022-04-06 14:29:55', '2022-04-02 16:13:26');
INSERT INTO `imagelike` VALUES ('10011', '1111111111111000111110101110110111100010111110011110111111110010', 'like', 1, '2022-04-06 10:54:17', '2022-04-06 10:54:17');
INSERT INTO `imagelike` VALUES ('10011', '1111111111111111111111111111111111000111111111111111111111111111', 'like', 1, '2022-04-06 14:18:50', '2022-04-06 14:18:50');
INSERT INTO `imagelike` VALUES ('10086', '0010000101011010101100111011010011101101110011100001000111100110', 'like', 1, '2022-04-29 17:12:12', '2022-04-29 17:12:12');
INSERT INTO `imagelike` VALUES ('10086', '0011010110001010001111011101111100001001111100100000000000000000', 'like', 1, '2022-04-21 16:08:09', '2022-04-21 16:08:09');
INSERT INTO `imagelike` VALUES ('10086', '0110001100111010110011010111001010110101110010101100110001011001', 'like', 1, '2022-04-21 11:34:58', '2022-04-21 11:34:58');
INSERT INTO `imagelike` VALUES ('10086', '0110011011111001000100100110111110111001100111101111000001100111', 'like', 1, '2022-04-21 11:34:56', '2022-04-21 11:34:56');
INSERT INTO `imagelike` VALUES ('10086', '1010010001101011100111110011110110010110011000110111111010001101', 'like', 1, '2022-04-21 11:34:26', '2022-04-21 11:34:26');
INSERT INTO `imagelike` VALUES ('10086', '1111010110111011111111110111101110100011011101111110111100111101', 'like', 1, '2022-04-18 09:26:20', '2022-04-18 09:26:20');
INSERT INTO `imagelike` VALUES ('10086', '1111010111100111111111111111000111110101111111011111000111111111', 'like', 1, '2022-04-18 09:26:25', '2022-04-18 09:26:25');
INSERT INTO `imagelike` VALUES ('10086', '1111111111111111111111111111111111111111111111111111111111111111', 'like', 1, '2022-04-18 09:26:19', '2022-04-18 09:26:19');
INSERT INTO `imagelike` VALUES ('admin', '0000000000000010100000010110000111011100111110111110001111111010', 'like', 1, '2022-05-18 19:48:49', '2022-05-18 19:48:49');
INSERT INTO `imagelike` VALUES ('admin', '0000000010000111000110111111001111101111011000011111111111110000', 'like', 1, '2022-05-23 00:44:51', '2022-05-23 00:44:51');
INSERT INTO `imagelike` VALUES ('admin', '0000000010110101111100110000110011010010001011011001101010110000', 'no', 2, '2022-05-18 22:46:36', '2022-05-18 22:46:28');
INSERT INTO `imagelike` VALUES ('admin', '0000000011011101101101110110011110001010101100110111110010111111', 'like', 1, '2022-05-18 22:46:35', '2022-05-18 22:46:35');
INSERT INTO `imagelike` VALUES ('admin', '0001011111000110001011010111111011000000001100011000001101010110', 'no', 2, '2022-05-23 09:41:37', '2022-05-23 09:41:24');
INSERT INTO `imagelike` VALUES ('admin', '0010000101011010101100111011010011101101110011100001000111100110', 'like', 1, '2022-04-29 15:21:11', '2022-04-29 15:21:11');
INSERT INTO `imagelike` VALUES ('admin', '0010000101111011011101101111111100100100110010100011110101010110', 'like', 1, '2022-05-23 09:40:55', '2022-05-23 09:40:55');
INSERT INTO `imagelike` VALUES ('admin', '0010010100111001001101100100101010110101011010100101011111100111', 'like', 1, '2022-04-29 16:00:13', '2022-04-29 16:00:13');
INSERT INTO `imagelike` VALUES ('admin', '0010101001011001000001001110001110110100111110111100010001000011', 'no', 2, '2022-05-23 09:39:32', '2022-05-23 09:39:08');
INSERT INTO `imagelike` VALUES ('admin', '0011010110001010001111011101111100001001111100100000000000000000', 'like', 1, '2022-04-29 00:28:22', '2022-04-29 00:28:22');
INSERT INTO `imagelike` VALUES ('admin', '0011111000111110100001010111110111000111011111111101110011111111', 'no', 4, '2022-04-28 09:58:35', '2022-04-28 09:58:31');
INSERT INTO `imagelike` VALUES ('admin', '0011111011010011110011000011101000010100110000111110110110000001', 'like', 1, '2022-05-18 22:40:58', '2022-05-18 22:40:58');
INSERT INTO `imagelike` VALUES ('admin', '0100000111100100100010110000010011101010001001111101001100110111', 'like', 1, '2022-04-27 10:57:41', '2022-04-27 10:57:41');
INSERT INTO `imagelike` VALUES ('admin', '0100010010111000000000111001110101101111101101001100000100101001', 'like', 1, '2022-04-27 21:30:43', '2022-04-27 21:30:43');
INSERT INTO `imagelike` VALUES ('admin', '0100110000111111011001011111100010111111011000111101001101101111', 'like', 1, '2022-05-22 21:32:01', '2022-05-22 21:32:01');
INSERT INTO `imagelike` VALUES ('admin', '0101111010101110100111000101010110111011111010011111011111111111', 'no', 6, '2022-05-23 09:35:19', '2022-04-29 00:27:56');
INSERT INTO `imagelike` VALUES ('admin', '0110001100111010110011010111001010110101110010101100110001011001', 'like', 1, '2022-04-29 00:28:23', '2022-04-29 00:28:23');
INSERT INTO `imagelike` VALUES ('admin', '0110011011111001000100100110111110111001100111101111000001100111', 'like', 3, '2022-05-23 09:35:31', '2022-04-27 21:30:29');
INSERT INTO `imagelike` VALUES ('admin', '0110101010000011100100001110001100000011000111001111111110000000', 'like', 1, '2022-04-29 00:01:02', '2022-04-29 00:01:02');
INSERT INTO `imagelike` VALUES ('admin', '0111011110000111011110010111001010101010110011010001001101110001', 'like', 1, '2022-04-27 10:57:39', '2022-04-27 10:57:39');
INSERT INTO `imagelike` VALUES ('admin', '0111110000110000101110111110111000100001110011100000010111101001', 'like', 1, '2022-05-18 19:49:28', '2022-05-18 19:49:28');
INSERT INTO `imagelike` VALUES ('admin', '1000000000011111000111110000000011110000101111001110011001111111', 'like', 1, '2022-04-29 00:28:24', '2022-04-29 00:28:24');
INSERT INTO `imagelike` VALUES ('admin', '1000010001000000100000111100111010010000111101110011110111001011', 'no', 2, '2022-05-23 00:44:46', '2022-05-23 00:44:44');
INSERT INTO `imagelike` VALUES ('admin', '1010010001101011100111110011110110010110011000110111111010001101', 'like', 3, '2022-05-23 09:39:00', '2022-05-23 09:35:33');
INSERT INTO `imagelike` VALUES ('admin', '1010111101000000101010000011100000000111111110000110010010100010', 'like', 1, '2022-04-29 00:28:26', '2022-04-29 00:28:26');
INSERT INTO `imagelike` VALUES ('admin', '1100001111110110111011100100000010011011111101001111011110111101', 'like', 1, '2022-04-29 00:28:27', '2022-04-29 00:28:27');
INSERT INTO `imagelike` VALUES ('admin', '1100111111110011010111101110101111111111011111101111101111110011', 'no', 2, '2022-05-23 09:41:14', '2022-05-23 09:41:00');
INSERT INTO `imagelike` VALUES ('admin', '1101000100000111111011100110000010010011101110001011101101111100', 'no', 2, '2022-05-23 09:41:35', '2022-05-23 09:41:23');
INSERT INTO `imagelike` VALUES ('admin', '1110011111111011111100101100110111100011110101011100111011011001', 'like', 1, '2022-05-23 10:34:25', '2022-05-23 10:34:25');
INSERT INTO `imagelike` VALUES ('admin', '1111111111111000111110101110110111100010111110011110111111110010', 'like', 1, '2022-05-18 19:48:51', '2022-05-18 19:48:51');

-- ----------------------------
-- Table structure for imagetags
-- ----------------------------
DROP TABLE IF EXISTS `imagetags`;
CREATE TABLE `imagetags`  (
  `hid` varchar(255) CHARACTER SET utf8 COLLATE utf8_general_ci NOT NULL,
  `tag` varchar(20) CHARACTER SET utf8 COLLATE utf8_general_ci NOT NULL,
  `changeNum` int(0) NULL DEFAULT NULL COMMENT '纠正值 ，不显示时积累到一定程度添加，显示时积累数量删除',
  `state` varchar(255) CHARACTER SET utf8 COLLATE utf8_general_ci NULL DEFAULT NULL COMMENT 'no 为不显示，yes显示',
  PRIMARY KEY (`hid`, `tag`) USING BTREE,
  INDEX `tag`(`tag`) USING BTREE,
  CONSTRAINT `imagetags_ibfk_1` FOREIGN KEY (`hid`) REFERENCES `image` (`hid`) ON DELETE RESTRICT ON UPDATE RESTRICT,
  CONSTRAINT `imagetags_ibfk_2` FOREIGN KEY (`tag`) REFERENCES `tags` (`tag`) ON DELETE RESTRICT ON UPDATE RESTRICT
) ENGINE = InnoDB CHARACTER SET = utf8 COLLATE = utf8_general_ci ROW_FORMAT = Dynamic;

-- ----------------------------
-- Records of imagetags
-- ----------------------------
INSERT INTO `imagetags` VALUES ('0000000000000010000100011000000000101000111110011101011111111111', '风景', 0, 'yes');
INSERT INTO `imagetags` VALUES ('0000000000000010100000010110000111011100111110111110001111111010', '风景', 0, 'yes');
INSERT INTO `imagetags` VALUES ('0000000000000011000000000000000100000001010111101111111011111111', '简约', 0, 'yes');
INSERT INTO `imagetags` VALUES ('0000000000000011000000000000000100000001010111101111111011111111', '风景', 0, 'yes');
INSERT INTO `imagetags` VALUES ('0000000000000011000000000001100000000001000010100000011000000101', '风景', 0, 'yes');
INSERT INTO `imagetags` VALUES ('0000000010000000110111110111100011110110010100011100111111110100', '萌宠', 0, 'yes');
INSERT INTO `imagetags` VALUES ('0000000010000111000110111111001111101111011000011111111111110000', '动漫', 0, 'yes');
INSERT INTO `imagetags` VALUES ('0000000010000111000110111111001111101111011000011111111111110000', '风景', 0, 'yes');
INSERT INTO `imagetags` VALUES ('0000000010010100001111101110110101010010111111001010001101111110', '动漫', 0, 'yes');
INSERT INTO `imagetags` VALUES ('0000000010010100001111101110110101010010111111001010001101111110', '风景', 0, 'yes');
INSERT INTO `imagetags` VALUES ('0000000010110101111100110000110011010010001011011001101010110000', '人物', 0, 'yes');
INSERT INTO `imagetags` VALUES ('0000000010110101111100110000110011010010001011011001101010110000', '古风', 0, 'yes');
INSERT INTO `imagetags` VALUES ('0000000011011101101101110110011110001010101100110111110010111111', '人物', 0, 'yes');
INSERT INTO `imagetags` VALUES ('0000000011011101101101110110011110001010101100110111110010111111', '古风', 0, 'yes');
INSERT INTO `imagetags` VALUES ('0000000100000110111110101100010100111010100000011110111111111110', '风景', 0, 'yes');
INSERT INTO `imagetags` VALUES ('0000000100111001110110111011100110011010001011001110110101000000', '风景', 0, 'yes');
INSERT INTO `imagetags` VALUES ('0000001001001001101001001101101100111001010101011110111100011001', '人物', 0, 'yes');
INSERT INTO `imagetags` VALUES ('0000001011110111110001101111111011111111000010001110000111111000', '萌宠', 0, 'yes');
INSERT INTO `imagetags` VALUES ('0000001011111100111010011111001111111011111011010001111001100001', '动漫', 0, 'yes');
INSERT INTO `imagetags` VALUES ('0000001011111100111010011111001111111011111011010001111001100001', '风景', 0, 'yes');
INSERT INTO `imagetags` VALUES ('0000001100000100000000000000000000000100000001110000010000000011', '简约', 0, 'yes');
INSERT INTO `imagetags` VALUES ('0000001100000110111000000010110010100000010111110010111001110111', '风景', 0, 'yes');
INSERT INTO `imagetags` VALUES ('0000001100011101001000100000001101010100011001111010110101111111', '风景', 0, 'yes');
INSERT INTO `imagetags` VALUES ('0000001111011110110001011010101110111100110011111001101100101000', '简约', 0, 'yes');
INSERT INTO `imagetags` VALUES ('0000011100000000000000001010000011111110000001101010111111010010', '动漫', 0, 'yes');
INSERT INTO `imagetags` VALUES ('0000011100111100000000110011111111100010110111001011110110000000', '人物', 0, 'yes');
INSERT INTO `imagetags` VALUES ('0000011100111100000000110011111111100010110111001011110110000000', '动漫', 0, 'yes');
INSERT INTO `imagetags` VALUES ('0000011110011110011000001111001110100111011010011101111011000100', '风景', 0, 'yes');
INSERT INTO `imagetags` VALUES ('0000100001000000100010000100000110110100110010100111101110111101', '动漫', 0, 'yes');
INSERT INTO `imagetags` VALUES ('0000100001000000100010000100000110110100110010100111101110111101', '萌宠', 0, 'yes');
INSERT INTO `imagetags` VALUES ('0000100001000000100010000100000110110100110010100111101110111101', '风景', 0, 'yes');
INSERT INTO `imagetags` VALUES ('0000100101011010110100101000000101101110100001000100011010110010', '动漫', 0, 'yes');
INSERT INTO `imagetags` VALUES ('0000100101011010110100101000000101101110100001000100011010110010', '萌宠', 0, 'yes');
INSERT INTO `imagetags` VALUES ('0000101101000111101000000001001001010101000100100100111000001100', '萌宠', 0, 'yes');
INSERT INTO `imagetags` VALUES ('0000111010001001111100000011111100100000100010110111110011111101', '其他', 0, 'yes');
INSERT INTO `imagetags` VALUES ('0000111100010000000000001110010111111011110011000000011100101000', '萌宠', 0, 'yes');
INSERT INTO `imagetags` VALUES ('0001001011110001010011101010011101001001110101101010101100010000', '动漫', 0, 'yes');
INSERT INTO `imagetags` VALUES ('0001001011110001010011101010011101001001110101101010101100010000', '古风', 0, 'yes');
INSERT INTO `imagetags` VALUES ('0001001011110001010011101010011101001001110101101010101100010000', '风景', 0, 'yes');
INSERT INTO `imagetags` VALUES ('0001011111000110001011010111111011000000001100011000001101010110', '人物', 0, 'yes');
INSERT INTO `imagetags` VALUES ('0001101100001101000101110010000000001001000100100010000100001110', '风景', 0, 'yes');
INSERT INTO `imagetags` VALUES ('0001101101011100100000111000000110100010110001011101001101100110', '萌宠', 0, 'yes');
INSERT INTO `imagetags` VALUES ('0001111101000000000100111101111000101101001011111100011110111000', '风景', 0, 'yes');
INSERT INTO `imagetags` VALUES ('0010000101011010101100111011010011101101110011100001000111100110', '萌宠', 0, 'yes');
INSERT INTO `imagetags` VALUES ('0010000101111011011101101111111100100100110010100011110101010110', '人物', 0, 'yes');
INSERT INTO `imagetags` VALUES ('0010000101111011011101101111111100100100110010100011110101010110', '动漫', 0, 'yes');
INSERT INTO `imagetags` VALUES ('0010000101111011011101101111111100100100110010100011110101010110', '古风', 0, 'yes');
INSERT INTO `imagetags` VALUES ('0010001100000101111010101110100111111100111110001001111110011111', '风景', 0, 'yes');
INSERT INTO `imagetags` VALUES ('0010010100111001001101100100101010110101011010100101011111100111', '动漫', 0, 'yes');
INSERT INTO `imagetags` VALUES ('0010010100111001001101100100101010110101011010100101011111100111', '风景', 0, 'yes');
INSERT INTO `imagetags` VALUES ('0010101001011001000001001110001110110100111110111100010001000011', '人物', 0, 'yes');
INSERT INTO `imagetags` VALUES ('0010101001011001000001001110001110110100111110111100010001000011', '动漫', 0, 'yes');
INSERT INTO `imagetags` VALUES ('0010110111010011011111110010000011111001100000111101111011100011', '人物', 0, 'yes');
INSERT INTO `imagetags` VALUES ('0010110111010011011111110010000011111001100000111101111011100011', '动漫', 0, 'yes');
INSERT INTO `imagetags` VALUES ('0011000011001011011111111010110001111100101101001101110010100101', '动漫', 0, 'yes');
INSERT INTO `imagetags` VALUES ('0011000011001011011111111010110001111100101101001101110010100101', '风景', 0, 'yes');
INSERT INTO `imagetags` VALUES ('0011001110001111111100111111010001001011000000111111110011111110', '人物', 0, 'yes');
INSERT INTO `imagetags` VALUES ('0011001110001111111100111111010001001011000000111111110011111110', '古风', 0, 'yes');
INSERT INTO `imagetags` VALUES ('0011010110001010001111011101111100001001111100100000000000000000', '动漫', 0, 'yes');
INSERT INTO `imagetags` VALUES ('0011010110001010001111011101111100001001111100100000000000000000', '古风', 0, 'yes');
INSERT INTO `imagetags` VALUES ('0011010110001010001111011101111100001001111100100000000000000000', '简约', 0, 'yes');
INSERT INTO `imagetags` VALUES ('0011110111011000100101110001011001101000111011111111111001000011', '动漫', 0, 'yes');
INSERT INTO `imagetags` VALUES ('0011110111011000100101110001011001101000111011111111111001000011', '风景', 0, 'yes');
INSERT INTO `imagetags` VALUES ('0011111000111110100001010111110111000111011111111101110011111111', '动漫', 0, 'yes');
INSERT INTO `imagetags` VALUES ('0011111000111110100001010111110111000111011111111101110011111111', '风景', 0, 'yes');
INSERT INTO `imagetags` VALUES ('0011111001000001011010000011000011111101110111100100111011111001', '动漫', 0, 'yes');
INSERT INTO `imagetags` VALUES ('0011111001000001011010000011000011111101110111100100111011111001', '古风', 0, 'yes');
INSERT INTO `imagetags` VALUES ('0011111011010011110011000011101000010100110000111110110110000001', '人物', 0, 'yes');
INSERT INTO `imagetags` VALUES ('0011111011010011110011000011101000010100110000111110110110000001', '动漫', 0, 'yes');
INSERT INTO `imagetags` VALUES ('0011111111000000111110100000110000100110110111010111011111111001', '动漫', 0, 'yes');
INSERT INTO `imagetags` VALUES ('0011111111000000111110100000110000100110110111010111011111111001', '风景', 0, 'yes');
INSERT INTO `imagetags` VALUES ('0100000111100100100010110000010011101010001001111101001100110111', '古风', 0, 'yes');
INSERT INTO `imagetags` VALUES ('0100000111100100100010110000010011101010001001111101001100110111', '风景', 0, 'yes');
INSERT INTO `imagetags` VALUES ('0100000111111110100010001000111111110011100011000100001000100001', '人物', 0, 'yes');
INSERT INTO `imagetags` VALUES ('0100000111111110100010001000111111110011100011000100001000100001', '动漫', 0, 'yes');
INSERT INTO `imagetags` VALUES ('0100001100010101100000000001101011011011111101001111100011111000', '风景', 0, 'yes');
INSERT INTO `imagetags` VALUES ('0100010010111000000000111001110101101111101101001100000100101001', '人物', 0, 'yes');
INSERT INTO `imagetags` VALUES ('0100010010111000000000111001110101101111101101001100000100101001', '动漫', 0, 'yes');
INSERT INTO `imagetags` VALUES ('0100101110111110111101111100100000001000011111101111101111110111', '风景', 0, 'yes');
INSERT INTO `imagetags` VALUES ('0100110000111111011001011111100010111111011000111101001101101111', '人物', 0, 'yes');
INSERT INTO `imagetags` VALUES ('0100110000111111011001011111100010111111011000111101001101101111', '古风', 0, 'yes');
INSERT INTO `imagetags` VALUES ('0101000110010110011000101001111111110001011111111111110000011101', '其他', 0, 'yes');
INSERT INTO `imagetags` VALUES ('0101000110010110011000101001111111110001011111111111110000011101', '风景', 0, 'yes');
INSERT INTO `imagetags` VALUES ('0101001110101100100110110000100001110110010001111101101110101101', '萌宠', 0, 'yes');
INSERT INTO `imagetags` VALUES ('0101100011110111000111110111110000000001100001011011011000101001', '人物', 0, 'yes');
INSERT INTO `imagetags` VALUES ('0101100011110111000111110111110000000001100001011011011000101001', '动漫', 0, 'yes');
INSERT INTO `imagetags` VALUES ('0101101011110011100011010010111000100010010101001000111000111000', '人物', 0, 'yes');
INSERT INTO `imagetags` VALUES ('0101101011110011100011010010111000100010010101001000111000111000', '动漫', 0, 'yes');
INSERT INTO `imagetags` VALUES ('0101101011110011100011010010111000100010010101001000111000111000', '古风', 0, 'yes');
INSERT INTO `imagetags` VALUES ('0101111010101110100111000101010110111011111010011111011111111111', '人物', 0, 'yes');
INSERT INTO `imagetags` VALUES ('0101111010101110100111000101010110111011111010011111011111111111', '古风', 0, 'yes');
INSERT INTO `imagetags` VALUES ('0101111010101110100111000101010110111011111010011111011111111111', '简约', 0, 'yes');
INSERT INTO `imagetags` VALUES ('0110000000000000110100011100001010111111010111111010111111111111', '风景', 0, 'yes');
INSERT INTO `imagetags` VALUES ('0110000011000000010000000011001100011000110001000110001110111000', '其他', 0, 'yes');
INSERT INTO `imagetags` VALUES ('0110000100000000111000100100000010111001111001000101100101111010', '萌宠', 0, 'yes');
INSERT INTO `imagetags` VALUES ('0110001000110000100011101111100010100001111000101111101111101101', '人物', 0, 'yes');
INSERT INTO `imagetags` VALUES ('0110001000110000100011101111100010100001111000101111101111101101', '古风', 0, 'yes');
INSERT INTO `imagetags` VALUES ('0110001000110000100011101111100010100001111000101111101111101101', '风景', 0, 'yes');
INSERT INTO `imagetags` VALUES ('0110001100111010110011010111001010110101110010101100110001011001', '动漫', 0, 'yes');
INSERT INTO `imagetags` VALUES ('0110010010100111010100001111111010101100110100010000101000010101', '其他', 0, 'yes');
INSERT INTO `imagetags` VALUES ('0110010010100111010100001111111010101100110100010000101000010101', '古风', 0, 'yes');
INSERT INTO `imagetags` VALUES ('0110010110000000110111110000111111110000100100100010011111010000', '其他', 0, 'yes');
INSERT INTO `imagetags` VALUES ('0110010110000000110111110000111111110000100100100010011111010000', '风景', 0, 'yes');
INSERT INTO `imagetags` VALUES ('0110011011111001000100100110111110111001100111101111000001100111', '动漫', 0, 'yes');
INSERT INTO `imagetags` VALUES ('0110011011111001000100100110111110111001100111101111000001100111', '简约', 0, 'yes');
INSERT INTO `imagetags` VALUES ('0110011110111001110101011000000101111110101001101011100011100011', '其他', 0, 'yes');
INSERT INTO `imagetags` VALUES ('0110011110111001110101011000000101111110101001101011100011100011', '简约', 0, 'yes');
INSERT INTO `imagetags` VALUES ('0110100011001011101111000100010111101111010100011001111101101100', '动漫', 0, 'yes');
INSERT INTO `imagetags` VALUES ('0110101010000011100100001110001100000011000111001111111110000000', '人物', 0, 'yes');
INSERT INTO `imagetags` VALUES ('0110101010000011100100001110001100000011000111001111111110000000', '动漫', 0, 'yes');
INSERT INTO `imagetags` VALUES ('0110101100010001100111111111011100110100110010000110101010010111', '其他', 0, 'yes');
INSERT INTO `imagetags` VALUES ('0110111110010111011010000011001100000111010111011010001001011110', '简约', 0, 'yes');
INSERT INTO `imagetags` VALUES ('0111000110010111001011100010001110110100001111111000101011000100', '风景', 0, 'yes');
INSERT INTO `imagetags` VALUES ('0111010100111000000111011100000001010111101110101110011111011010', '动漫', 0, 'yes');
INSERT INTO `imagetags` VALUES ('0111011100110000111111011010010011011011000010101110011101010001', '其他', 0, 'yes');
INSERT INTO `imagetags` VALUES ('0111011110000111011110010111001010101010110011010001001101110001', '人物', 0, 'yes');
INSERT INTO `imagetags` VALUES ('0111011110000111011110010111001010101010110011010001001101110001', '动漫', 0, 'yes');
INSERT INTO `imagetags` VALUES ('0111011110000111011110010111001010101010110011010001001101110001', '古风', 0, 'yes');
INSERT INTO `imagetags` VALUES ('0111100111001110011010111011000011011100000000111000001011010010', '其他', 0, 'yes');
INSERT INTO `imagetags` VALUES ('0111101011100001101110000101011101001111001110110000010000010111', '其他', 0, 'yes');
INSERT INTO `imagetags` VALUES ('0111101011100001101110000101011101001111001110110000010000010111', '风景', 0, 'yes');
INSERT INTO `imagetags` VALUES ('0111101110110000001100000101101110000100000101111110111100101111', '人物', 0, 'yes');
INSERT INTO `imagetags` VALUES ('0111101110110000001100000101101110000100000101111110111100101111', '动漫', 0, 'yes');
INSERT INTO `imagetags` VALUES ('0111110000110000101110111110111000100001110011100000010111101001', '萌宠', 0, 'yes');
INSERT INTO `imagetags` VALUES ('0111111000001001110000001111110010110101000111001111110111100011', '简约', 0, 'yes');
INSERT INTO `imagetags` VALUES ('0111111110011111111101111110111100000110111010001110100111110000', '简约', 0, 'yes');
INSERT INTO `imagetags` VALUES ('1000000000011111000111110000000011110000101111001110011001111111', '简约', 0, 'yes');
INSERT INTO `imagetags` VALUES ('1000000010000111111000111111111011111101111100111111111011110101', '风景', 0, 'yes');
INSERT INTO `imagetags` VALUES ('1000000011110001010000110001110101111110100000101110000111111110', '其他', 0, 'yes');
INSERT INTO `imagetags` VALUES ('1000001000011000100000100111000111010111000100001010110011111011', '其他', 0, 'yes');
INSERT INTO `imagetags` VALUES ('1000001000011000100000100111000111010111000100001010110011111011', '简约', 0, 'yes');
INSERT INTO `imagetags` VALUES ('1000010001000000100000111100111010010000111101110011110111001011', '动漫', 0, 'yes');
INSERT INTO `imagetags` VALUES ('1000010001000000100000111100111010010000111101110011110111001011', '风景', 0, 'yes');
INSERT INTO `imagetags` VALUES ('1000010011100010000101001100000100111110111110111110110100010110', '风景', 0, 'yes');
INSERT INTO `imagetags` VALUES ('1000010101100110001000010100110010111100000000101110010001111110', '萌宠', 0, 'yes');
INSERT INTO `imagetags` VALUES ('1000100011010110110110011111101011100001110111001101001011011110', '古风', 0, 'yes');
INSERT INTO `imagetags` VALUES ('1000100011010110110110011111101011100001110111001101001011011110', '简约', 0, 'yes');
INSERT INTO `imagetags` VALUES ('1000110011000001110110111010011100111000011101001110001110100000', '动漫', 0, 'yes');
INSERT INTO `imagetags` VALUES ('1000110011000001110110111010011100111000011101001110001110100000', '风景', 0, 'yes');
INSERT INTO `imagetags` VALUES ('1000111110101000010000010011000111100010000111111110111000100110', '其他', 0, 'yes');
INSERT INTO `imagetags` VALUES ('1001001011111111001010001100000000011100000000110001011000001101', '风景', 0, 'yes');
INSERT INTO `imagetags` VALUES ('1001010001000111000101001111100111011111001010001110111110010111', '人物', 0, 'yes');
INSERT INTO `imagetags` VALUES ('1001010101010110001111111010111111000100110111111011000101100110', '人物', 0, 'yes');
INSERT INTO `imagetags` VALUES ('1001010101010110001111111010111111000100110111111011000101100110', '动漫', 0, 'yes');
INSERT INTO `imagetags` VALUES ('1001010101010110001111111010111111000100110111111011000101100110', '古风', 0, 'yes');
INSERT INTO `imagetags` VALUES ('1001110101100110011110111111110010110111000111010110100111010110', '其他', 0, 'yes');
INSERT INTO `imagetags` VALUES ('1001110101100110011110111111110010110111000111010110100111010110', '简约', 0, 'yes');
INSERT INTO `imagetags` VALUES ('1001111111000100010100011000110111100111001010100101001101101001', '其他', 0, 'yes');
INSERT INTO `imagetags` VALUES ('1001111111000100010100011000110111100111001010100101001101101001', '风景', 0, 'yes');
INSERT INTO `imagetags` VALUES ('1010000110011101000001001100001000011111011011111001000000101001', '动漫', 0, 'yes');
INSERT INTO `imagetags` VALUES ('1010000110011101000001001100001000011111011011111001000000101001', '风景', 0, 'yes');
INSERT INTO `imagetags` VALUES ('1010010001101011100111110011110110010110011000110111111010001101', '古风', 0, 'yes');
INSERT INTO `imagetags` VALUES ('1010010001101011100111110011110110010110011000110111111010001101', '简约', 0, 'yes');
INSERT INTO `imagetags` VALUES ('1010111101000000101010000011100000000111111110000110010010100010', '其他', 0, 'yes');
INSERT INTO `imagetags` VALUES ('1011000001001000000001010000100101010000010111111010000100010111', '动漫', 0, 'yes');
INSERT INTO `imagetags` VALUES ('1011000001001000000001010000100101010000010111111010000100010111', '风景', 0, 'yes');
INSERT INTO `imagetags` VALUES ('1011110111110010000111010111001101110000100011101110011111010001', '萌宠', 0, 'yes');
INSERT INTO `imagetags` VALUES ('1011111101000100010000010111111011010001101000100010010010001001', '动漫', 0, 'yes');
INSERT INTO `imagetags` VALUES ('1011111101000100010000010111111011010001101000100010010010001001', '简约', 0, 'yes');
INSERT INTO `imagetags` VALUES ('1011111101000100010000010111111011010001101000100010010010001001', '风景', 0, 'yes');
INSERT INTO `imagetags` VALUES ('1100001111110110111011100100000010011011111101001111011110111101', '人物', 0, 'yes');
INSERT INTO `imagetags` VALUES ('1100001111110110111011100100000010011011111101001111011110111101', '动漫', 0, 'yes');
INSERT INTO `imagetags` VALUES ('1100001111110110111011100100000010011011111101001111011110111101', '古风', 0, 'yes');
INSERT INTO `imagetags` VALUES ('1100011000111111110101100110110110010000001011101110011111100010', '人物', 0, 'yes');
INSERT INTO `imagetags` VALUES ('1100011000111111110101100110110110010000001011101110011111100010', '动漫', 0, 'yes');
INSERT INTO `imagetags` VALUES ('1100011000111111110101100110110110010000001011101110011111100010', '古风', 0, 'yes');
INSERT INTO `imagetags` VALUES ('1100100000011100100000111101111101100110011110010010110110010100', '人物', 0, 'yes');
INSERT INTO `imagetags` VALUES ('1100101000011100000000011100110100110100100010101001001110111110', '动漫', 0, 'yes');
INSERT INTO `imagetags` VALUES ('1100101000011100000000011100110100110100100010101001001110111110', '风景', 0, 'yes');
INSERT INTO `imagetags` VALUES ('1100111111110011010111101110101111111111011111101111101111110011', '人物', 0, 'yes');
INSERT INTO `imagetags` VALUES ('1100111111110011010111101110101111111111011111101111101111110011', '动漫', 0, 'yes');
INSERT INTO `imagetags` VALUES ('1101000001110011001110001000011110111100111111110010011110000100', '动漫', 0, 'yes');
INSERT INTO `imagetags` VALUES ('1101000100000111111011100110000010010011101110001011101101111100', '其他', 0, 'yes');
INSERT INTO `imagetags` VALUES ('1101000100000111111011100110000010010011101110001011101101111100', '简约', 0, 'yes');
INSERT INTO `imagetags` VALUES ('1101000110100011111110111000000111001111111111111111100111101111', '人物', 0, 'yes');
INSERT INTO `imagetags` VALUES ('1101000110100011111110111000000111001111111111111111100111101111', '动漫', 0, 'yes');
INSERT INTO `imagetags` VALUES ('1101001011001101101000110001111011110001010101111111111111000001', '动漫', 0, 'yes');
INSERT INTO `imagetags` VALUES ('1101001011001101101000110001111011110001010101111111111111000001', '风景', 0, 'yes');
INSERT INTO `imagetags` VALUES ('1101001111001100011100010001000100000100111111001010000101000011', '人物', 0, 'yes');
INSERT INTO `imagetags` VALUES ('1101001111001100011100010001000100000100111111001010000101000011', '动漫', 0, 'yes');
INSERT INTO `imagetags` VALUES ('1101010010111111111110010011110011011111100000001111010111111001', '动漫', 0, 'yes');
INSERT INTO `imagetags` VALUES ('1101010010111111111110010011110011011111100000001111010111111001', '风景', 0, 'yes');
INSERT INTO `imagetags` VALUES ('1101101011100111001101000101010111101011000001111101100010100011', '萌宠', 0, 'yes');
INSERT INTO `imagetags` VALUES ('1101101111110111010011011000011100001011001100110111000110110111', '动漫', 0, 'yes');
INSERT INTO `imagetags` VALUES ('1101101111110111010011011000011100001011001100110111000110110111', '风景', 0, 'yes');
INSERT INTO `imagetags` VALUES ('1101101111111101001100100110110101110101100111111110000101000010', '古风', 0, 'yes');
INSERT INTO `imagetags` VALUES ('1101101111111101001100100110110101110101100111111110000101000010', '风景', 0, 'yes');
INSERT INTO `imagetags` VALUES ('1101110111111111111110110111001111111111111101101111111110111110', '简约', 0, 'yes');
INSERT INTO `imagetags` VALUES ('1110001001010000001001100001100011110010001101110101111110111111', '动漫', 0, 'yes');
INSERT INTO `imagetags` VALUES ('1110001110011101011010000001011100100000110110111000000101101101', '风景', 0, 'yes');
INSERT INTO `imagetags` VALUES ('1110001111011011111111101010011111001001010010100111011011111101', '风景', 0, 'yes');
INSERT INTO `imagetags` VALUES ('1110001111110111111101111110111011111100111110001111111111111111', '萌宠', 0, 'yes');
INSERT INTO `imagetags` VALUES ('1110011010110100111111111001000000011111111011100100011110011111', '人物', 0, 'yes');
INSERT INTO `imagetags` VALUES ('1110011010110100111111111001000000011111111011100100011110011111', '动漫', 0, 'yes');
INSERT INTO `imagetags` VALUES ('1110011010110100111111111001000000011111111011100100011110011111', '古风', 0, 'yes');
INSERT INTO `imagetags` VALUES ('1110011111111011111100101100110111100011110101011100111011011001', '动漫', 0, 'yes');
INSERT INTO `imagetags` VALUES ('1110011111111011111100101100110111100011110101011100111011011001', '萌宠', 0, 'yes');
INSERT INTO `imagetags` VALUES ('1110100110011110000001100101100100100010001000001101110111111111', '人物', 0, 'yes');
INSERT INTO `imagetags` VALUES ('1110100110011110000001100101100100100010001000001101110111111111', '古风', 0, 'yes');
INSERT INTO `imagetags` VALUES ('1110101100010000000011011100010011100010011111011110010111110010', '简约', 0, 'yes');
INSERT INTO `imagetags` VALUES ('1110101100010000000011011100010011100010011111011110010111110010', '风景', 0, 'yes');
INSERT INTO `imagetags` VALUES ('1110111100010000010101011010100111111001011010101001011000001100', '动漫', 0, 'yes');
INSERT INTO `imagetags` VALUES ('1110111100010000010101011010100111111001011010101001011000001100', '简约', 0, 'yes');
INSERT INTO `imagetags` VALUES ('1111000010100110000110111100000000000010010001011001011011111011', '风景', 0, 'yes');
INSERT INTO `imagetags` VALUES ('1111001110000100111111011111100101110111111110101111111111111111', '简约', 0, 'yes');
INSERT INTO `imagetags` VALUES ('1111001110000100111111011111100101110111111110101111111111111111', '风景', 0, 'yes');
INSERT INTO `imagetags` VALUES ('1111010101011011100100100000000100111110111000001111001001101110', '人物', 0, 'yes');
INSERT INTO `imagetags` VALUES ('1111010110111011111111110111101110100011011101111110111100111101', '风景', 0, 'yes');
INSERT INTO `imagetags` VALUES ('1111010111100111111111111111000111110101111111011111000111111111', '简约', 0, 'yes');
INSERT INTO `imagetags` VALUES ('1111010111100111111111111111000111110101111111011111000111111111', '风景', 0, 'yes');
INSERT INTO `imagetags` VALUES ('1111011111101100101010010110111111111110111000101101101111000100', '其他', 0, 'yes');
INSERT INTO `imagetags` VALUES ('1111011111101100101010010110111111111110111000101101101111000100', '动漫', 0, 'yes');
INSERT INTO `imagetags` VALUES ('1111100001000001010100011001001010000110011100101110100010111100', '风景', 0, 'yes');
INSERT INTO `imagetags` VALUES ('1111101001110000101100111100111110110111001000010010011000011111', '简约', 0, 'yes');
INSERT INTO `imagetags` VALUES ('1111101110010001111110101000000110110000101101101100011111011001', '人物', 0, 'yes');
INSERT INTO `imagetags` VALUES ('1111101110010001111110101000000110110000101101101100011111011001', '动漫', 0, 'yes');
INSERT INTO `imagetags` VALUES ('1111110001111111111110011111111110100001110101101011111010011111', '动漫', 0, 'yes');
INSERT INTO `imagetags` VALUES ('1111110001111111111110011111111110100001110101101011111010011111', '简约', 0, 'yes');
INSERT INTO `imagetags` VALUES ('1111110011010011111111101000001111110000010010111001100001000111', '其他', 0, 'yes');
INSERT INTO `imagetags` VALUES ('1111110011010011111111101000001111110000010010111001100001000111', '动漫', 0, 'yes');
INSERT INTO `imagetags` VALUES ('1111110011110110001000111100110101011010100101001110001101110010', '动漫', 0, 'yes');
INSERT INTO `imagetags` VALUES ('1111110100011010011101011001011111111011001001111001111001101101', '人物', 0, 'yes');
INSERT INTO `imagetags` VALUES ('1111110100011010011101011001011111111011001001111001111001101101', '动漫', 0, 'yes');
INSERT INTO `imagetags` VALUES ('1111110100011010011101011001011111111011001001111001111001101101', '古风', 0, 'yes');
INSERT INTO `imagetags` VALUES ('1111111010111101111011000000101110110011110011010111000001111111', '人物', 0, 'yes');
INSERT INTO `imagetags` VALUES ('1111111010111101111011000000101110110011110011010111000001111111', '动漫', 0, 'yes');
INSERT INTO `imagetags` VALUES ('1111111010111101111011000000101110110011110011010111000001111111', '古风', 0, 'yes');
INSERT INTO `imagetags` VALUES ('1111111110001011011111110011101110111111111011111011011111001111', '古风', 0, 'yes');
INSERT INTO `imagetags` VALUES ('1111111110001011011111110011101110111111111011111011011111001111', '简约', 0, 'yes');
INSERT INTO `imagetags` VALUES ('1111111110111101111000111111100111101111111111111110000111000011', '萌宠', 0, 'yes');
INSERT INTO `imagetags` VALUES ('1111111111111000111110101110110111100010111110011110111111110010', '动漫', 0, 'yes');
INSERT INTO `imagetags` VALUES ('1111111111111000111110101110110111100010111110011110111111110010', '萌宠', 0, 'yes');
INSERT INTO `imagetags` VALUES ('1111111111111111111101111101111111110111111111110111111110100111', '简约', 0, 'yes');
INSERT INTO `imagetags` VALUES ('1111111111111111111101111101111111110111111111110111111110100111', '风景', 0, 'yes');
INSERT INTO `imagetags` VALUES ('1111111111111111111111111111111011111110111111111111111111111111', '简约', 0, 'yes');
INSERT INTO `imagetags` VALUES ('1111111111111111111111111111111111000111111111111111111111111111', '简约', 0, 'yes');
INSERT INTO `imagetags` VALUES ('1111111111111111111111111111111111111111111111111111111111111111', '简约', 0, 'yes');

-- ----------------------------
-- Table structure for interest
-- ----------------------------
DROP TABLE IF EXISTS `interest`;
CREATE TABLE `interest`  (
  `id` int(0) UNSIGNED NOT NULL AUTO_INCREMENT,
  `uid` varchar(20) CHARACTER SET utf8 COLLATE utf8_general_ci NOT NULL,
  `tag` varchar(255) CHARACTER SET utf8 COLLATE utf8_general_ci NOT NULL COMMENT '标签',
  PRIMARY KEY (`id`) USING BTREE,
  INDEX `uid`(`uid`) USING BTREE,
  CONSTRAINT `interest_ibfk_1` FOREIGN KEY (`uid`) REFERENCES `userinfo` (`uid`) ON DELETE RESTRICT ON UPDATE RESTRICT
) ENGINE = InnoDB AUTO_INCREMENT = 44 CHARACTER SET = utf8 COLLATE = utf8_general_ci ROW_FORMAT = Dynamic;

-- ----------------------------
-- Records of interest
-- ----------------------------
INSERT INTO `interest` VALUES (25, '10010', '动漫');
INSERT INTO `interest` VALUES (26, '10010', '古风');
INSERT INTO `interest` VALUES (29, '10011', '动漫');
INSERT INTO `interest` VALUES (40, 'admin', '萌宠');
INSERT INTO `interest` VALUES (45, 'admin', '动漫');

-- ----------------------------
-- Table structure for message
-- ----------------------------
DROP TABLE IF EXISTS `message`;
CREATE TABLE `message`  (
  `mid` int(0) NOT NULL,
  `uid` varchar(20) CHARACTER SET utf8 COLLATE utf8_general_ci NOT NULL,
  `content` varchar(255) CHARACTER SET utf8 COLLATE utf8_general_ci NULL DEFAULT NULL,
  `isRead` varchar(20) CHARACTER SET utf8 COLLATE utf8_general_ci NULL DEFAULT NULL,
  `createTime` timestamp(0) NULL DEFAULT CURRENT_TIMESTAMP(0),
  PRIMARY KEY (`mid`) USING BTREE,
  INDEX `uid`(`uid`) USING BTREE,
  CONSTRAINT `message_ibfk_1` FOREIGN KEY (`uid`) REFERENCES `userinfo` (`uid`) ON DELETE RESTRICT ON UPDATE RESTRICT
) ENGINE = InnoDB CHARACTER SET = utf8 COLLATE = utf8_general_ci ROW_FORMAT = Dynamic;

-- ----------------------------
-- Records of message
-- ----------------------------

-- ----------------------------
-- Table structure for password
-- ----------------------------
DROP TABLE IF EXISTS `password`;
CREATE TABLE `password`  (
  `uid` varchar(20) CHARACTER SET utf8 COLLATE utf8_general_ci NOT NULL,
  `password` varchar(20) CHARACTER SET utf8 COLLATE utf8_general_ci NOT NULL,
  PRIMARY KEY (`uid`) USING BTREE,
  CONSTRAINT `password_ibfk_1` FOREIGN KEY (`uid`) REFERENCES `userinfo` (`uid`) ON DELETE RESTRICT ON UPDATE RESTRICT
) ENGINE = InnoDB CHARACTER SET = utf8 COLLATE = utf8_general_ci ROW_FORMAT = Dynamic;

-- ----------------------------
-- Records of password
-- ----------------------------
INSERT INTO `password` VALUES ('10010', '10010');
INSERT INTO `password` VALUES ('10011', '10011');
INSERT INTO `password` VALUES ('10086', '10086');
INSERT INTO `password` VALUES ('admin', '12345');

-- ----------------------------
-- Table structure for tags
-- ----------------------------
DROP TABLE IF EXISTS `tags`;
CREATE TABLE `tags`  (
  `tag` varchar(20) CHARACTER SET utf8 COLLATE utf8_general_ci NOT NULL,
  `level` varchar(255) CHARACTER SET utf8 COLLATE utf8_general_ci NULL DEFAULT NULL COMMENT '标签的层级/类型',
  `description` varchar(255) CHARACTER SET utf8 COLLATE utf8_general_ci NULL DEFAULT NULL,
  `state` varchar(20) CHARACTER SET utf8 COLLATE utf8_general_ci NULL DEFAULT NULL COMMENT '审核',
  PRIMARY KEY (`tag`) USING BTREE
) ENGINE = InnoDB CHARACTER SET = utf8 COLLATE = utf8_general_ci ROW_FORMAT = Dynamic;

-- ----------------------------
-- Records of tags
-- ----------------------------
INSERT INTO `tags` VALUES ('PC', '0', '默认', NULL);
INSERT INTO `tags` VALUES ('Phone', '0', '默认', NULL);
INSERT INTO `tags` VALUES ('Square', '0', '默认', NULL);
INSERT INTO `tags` VALUES ('人物', '2', NULL, NULL);
INSERT INTO `tags` VALUES ('其他', '2', NULL, NULL);
INSERT INTO `tags` VALUES ('动漫', '2', NULL, NULL);
INSERT INTO `tags` VALUES ('古风', '2', NULL, NULL);
INSERT INTO `tags` VALUES ('棕色', '1', '默认', NULL);
INSERT INTO `tags` VALUES ('橙色', '1', '默认', NULL);
INSERT INTO `tags` VALUES ('简约', '2', NULL, NULL);
INSERT INTO `tags` VALUES ('粉色', '1', '默认', NULL);
INSERT INTO `tags` VALUES ('紫色', '1', '默认', NULL);
INSERT INTO `tags` VALUES ('红色', '1', '默认', NULL);
INSERT INTO `tags` VALUES ('绿色', '1', '默认', NULL);
INSERT INTO `tags` VALUES ('萌宠', '2', NULL, NULL);
INSERT INTO `tags` VALUES ('蓝色', '1', '默认', NULL);
INSERT INTO `tags` VALUES ('青色', '1', '默认', NULL);
INSERT INTO `tags` VALUES ('风景', '2', NULL, NULL);
INSERT INTO `tags` VALUES ('黄色', '1', '默认', NULL);
INSERT INTO `tags` VALUES ('黑白', '1', '默认', NULL);

-- ----------------------------
-- Table structure for userinfo
-- ----------------------------
DROP TABLE IF EXISTS `userinfo`;
CREATE TABLE `userinfo`  (
  `uid` varchar(20) CHARACTER SET utf8 COLLATE utf8_general_ci NOT NULL,
  `name` varchar(10) CHARACTER SET utf8 COLLATE utf8_general_ci NOT NULL,
  `gender` varchar(10) CHARACTER SET utf8 COLLATE utf8_general_ci NOT NULL COMMENT '性别',
  `head` varchar(255) CHARACTER SET utf8 COLLATE utf8_general_ci NULL DEFAULT NULL COMMENT '头像地址',
  `email` varchar(255) CHARACTER SET utf8 COLLATE utf8_general_ci NULL DEFAULT NULL,
  `introduction` varchar(255) CHARACTER SET utf8 COLLATE utf8_general_ci NULL DEFAULT NULL,
  `role` varchar(10) CHARACTER SET utf8 COLLATE utf8_general_ci NOT NULL,
  `updateTime` timestamp(0) NOT NULL DEFAULT CURRENT_TIMESTAMP(0) ON UPDATE CURRENT_TIMESTAMP(0) COMMENT '更新时间',
  `createTime` timestamp(0) NOT NULL DEFAULT CURRENT_TIMESTAMP(0) COMMENT '创建时间',
  PRIMARY KEY (`uid`) USING BTREE
) ENGINE = InnoDB CHARACTER SET = utf8 COLLATE = utf8_general_ci ROW_FORMAT = Dynamic;

-- ----------------------------
-- Records of userinfo
-- ----------------------------
INSERT INTO `userinfo` VALUES ('10010', '纳尔', '男', 'avatar/54dd4ee2-8dae-43a4-a1cf-50df16c9f6e5.png', 'ghkvjgj@lol.com', '哪呀！', 'user', '2022-04-28 09:26:44', '2022-03-12 16:28:29');
INSERT INTO `userinfo` VALUES ('10011', '小心', '女', 'avatar/a37d833f-5586-497c-a0cd-02300f473722.png', 'xin@ring.com', '嘻嘻嘻小心心', 'user', '2022-04-25 20:43:36', '2022-03-12 16:30:01');
INSERT INTO `userinfo` VALUES ('10086', '黄金葛瑞克', '男', 'avatar/1677da56-509f-4960-809f-71b9a5aa84b5.png', 'addgrk.@elden.com', '噩兆', 'user', '2022-04-29 17:50:27', '2022-03-12 16:29:24');
INSERT INTO `userinfo` VALUES ('admin', '菈妮', '女', 'avatar/eae78533-b6ff-4242-8252-94c4b532eeda.jpg', 'elden@ring.com', '众星之啊，半神下凡fgshf ', 'admin', '2022-04-28 16:54:14', '2022-03-12 14:55:55');

-- ----------------------------
-- Table structure for userrecommend
-- ----------------------------
DROP TABLE IF EXISTS `userrecommend`;
CREATE TABLE `userrecommend`  (
  `uid` varchar(20) CHARACTER SET utf8 COLLATE utf8_general_ci NOT NULL,
  `hid` varchar(255) CHARACTER SET utf8 COLLATE utf8_general_ci NOT NULL,
  `recommend` double NULL DEFAULT NULL,
  PRIMARY KEY (`uid`, `hid`) USING BTREE,
  INDEX `hid`(`hid`) USING BTREE,
  CONSTRAINT `userrecommend_ibfk_1` FOREIGN KEY (`uid`) REFERENCES `userinfo` (`uid`) ON DELETE RESTRICT ON UPDATE RESTRICT,
  CONSTRAINT `userrecommend_ibfk_2` FOREIGN KEY (`hid`) REFERENCES `image` (`hid`) ON DELETE RESTRICT ON UPDATE RESTRICT
) ENGINE = InnoDB CHARACTER SET = utf8 COLLATE = utf8_general_ci ROW_FORMAT = Dynamic;

-- ----------------------------
-- Records of userrecommend
-- ----------------------------
INSERT INTO `userrecommend` VALUES ('10010', '0000000000000010100000010110000111011100111110111110001111111010', 0.37267799624996495);
INSERT INTO `userrecommend` VALUES ('10010', '0000000010000111000110111111001111101111011000011111111111110000', 0.37267799624996495);
INSERT INTO `userrecommend` VALUES ('10010', '0000000010110101111100110000110011010010001011011001101010110000', 0.37267799624996495);
INSERT INTO `userrecommend` VALUES ('10010', '0000000011011101101101110110011110001010101100110111110010111111', 0.8198915917499229);
INSERT INTO `userrecommend` VALUES ('10010', '0000001100000100000000000000000000000100000001110000010000000011', 0.4472135954999579);
INSERT INTO `userrecommend` VALUES ('10010', '0001011111000110001011010111111011000000001100011000001101010110', 0.37267799624996495);
INSERT INTO `userrecommend` VALUES ('10010', '0010000101011010101100111011010011101101110011100001000111100110', 0.8198915917499229);
INSERT INTO `userrecommend` VALUES ('10010', '0010000101111011011101101111111100100100110010100011110101010110', 0.8198915917499229);
INSERT INTO `userrecommend` VALUES ('10010', '0010010100111001001101100100101010110101011010100101011111100111', 0.37267799624996495);
INSERT INTO `userrecommend` VALUES ('10010', '0010101001011001000001001110001110110100111110111100010001000011', 0.37267799624996495);
INSERT INTO `userrecommend` VALUES ('10010', '0011010110001010001111011101111100001001111100100000000000000000', 0.8198915917499229);
INSERT INTO `userrecommend` VALUES ('10010', '0011111011010011110011000011101000010100110000111110110110000001', 0.37267799624996495);
INSERT INTO `userrecommend` VALUES ('10010', '0100000111100100100010110000010011101010001001111101001100110111', 0.37267799624996495);
INSERT INTO `userrecommend` VALUES ('10010', '0100010010111000000000111001110101101111101101001100000100101001', 0.37267799624996495);
INSERT INTO `userrecommend` VALUES ('10010', '0100110000111111011001011111100010111111011000111101001101101111', 0.37267799624996495);
INSERT INTO `userrecommend` VALUES ('10010', '0110001100111010110011010111001010110101110010101100110001011001', 0.8198915917499229);
INSERT INTO `userrecommend` VALUES ('10010', '0110010010100111010100001111111010101100110100010000101000010101', 0.4472135954999579);
INSERT INTO `userrecommend` VALUES ('10010', '0110010110000000110111110000111111110000100100100010011111010000', 0.4472135954999579);
INSERT INTO `userrecommend` VALUES ('10010', '0110011011111001000100100110111110111001100111101111000001100111', 0.8198915917499229);
INSERT INTO `userrecommend` VALUES ('10010', '0111010100111000000111011100000001010111101110101110011111011010', 0.4472135954999579);
INSERT INTO `userrecommend` VALUES ('10010', '0111011110000111011110010111001010101010110011010001001101110001', 0.37267799624996495);
INSERT INTO `userrecommend` VALUES ('10010', '0111110000110000101110111110111000100001110011100000010111101001', 0.37267799624996495);
INSERT INTO `userrecommend` VALUES ('10010', '1000010001000000100000111100111010010000111101110011110111001011', 0.37267799624996495);
INSERT INTO `userrecommend` VALUES ('10010', '1000010101100110001000010100110010111100000000101110010001111110', 0.4472135954999579);
INSERT INTO `userrecommend` VALUES ('10010', '1000100011010110110110011111101011100001110111001101001011011110', 0.4472135954999579);
INSERT INTO `userrecommend` VALUES ('10010', '1001010101010110001111111010111111000100110111111011000101100110', 0.4472135954999579);
INSERT INTO `userrecommend` VALUES ('10010', '1010010001101011100111110011110110010110011000110111111010001101', 0.8198915917499229);
INSERT INTO `userrecommend` VALUES ('10010', '1010111101000000101010000011100000000111111110000110010010100010', 0.8198915917499229);
INSERT INTO `userrecommend` VALUES ('10010', '1011110111110010000111010111001101110000100011101110011111010001', 0.4472135954999579);
INSERT INTO `userrecommend` VALUES ('10010', '1100111111110011010111101110101111111111011111101111101111110011', 0.37267799624996495);
INSERT INTO `userrecommend` VALUES ('10010', '1101000100000111111011100110000010010011101110001011101101111100', 0.37267799624996495);
INSERT INTO `userrecommend` VALUES ('10010', '1101101011100111001101000101010111101011000001111101100010100011', 0.4472135954999579);
INSERT INTO `userrecommend` VALUES ('10010', '1110011111111011111100101100110111100011110101011100111011011001', 0.37267799624996495);
INSERT INTO `userrecommend` VALUES ('10010', '1110101100010000000011011100010011100010011111011110010111110010', 0.4472135954999579);
INSERT INTO `userrecommend` VALUES ('10010', '1110111100010000010101011010100111111001011010101001011000001100', 0.4472135954999579);
INSERT INTO `userrecommend` VALUES ('10010', '1111001110000100111111011111100101110111111110101111111111111111', 0.4472135954999579);
INSERT INTO `userrecommend` VALUES ('10010', '1111010101011011100100100000000100111110111000001111001001101110', 0.4472135954999579);
INSERT INTO `userrecommend` VALUES ('10010', '1111010110111011111111110111101110100011011101111110111100111101', 0);
INSERT INTO `userrecommend` VALUES ('10010', '1111010111100111111111111111000111110101111111011111000111111111', 0);
INSERT INTO `userrecommend` VALUES ('10010', '1111111110001011011111110011101110111111111011111011011111001111', 0.4472135954999579);
INSERT INTO `userrecommend` VALUES ('10010', '1111111111111000111110101110110111100010111110011110111111110010', 0.8198915917499229);
INSERT INTO `userrecommend` VALUES ('10010', '1111111111111111111111111111111111000111111111111111111111111111', 0.4472135954999579);
INSERT INTO `userrecommend` VALUES ('10010', '1111111111111111111111111111111111111111111111111111111111111111', 0);
INSERT INTO `userrecommend` VALUES ('10011', '0000000000000010100000010110000111011100111110111110001111111010', 0.4666666666666667);
INSERT INTO `userrecommend` VALUES ('10011', '0000000010000111000110111111001111101111011000011111111111110000', 0.4666666666666667);
INSERT INTO `userrecommend` VALUES ('10011', '0000000010110101111100110000110011010010001011011001101010110000', 0.4666666666666667);
INSERT INTO `userrecommend` VALUES ('10011', '0001011111000110001011010111111011000000001100011000001101010110', 0.4666666666666667);
INSERT INTO `userrecommend` VALUES ('10011', '0010010100111001001101100100101010110101011010100101011111100111', 0.4666666666666667);
INSERT INTO `userrecommend` VALUES ('10011', '0010101001011001000001001110001110110100111110111100010001000011', 0.4666666666666667);
INSERT INTO `userrecommend` VALUES ('10011', '0011111011010011110011000011101000010100110000111110110110000001', 0.4666666666666667);
INSERT INTO `userrecommend` VALUES ('10011', '0100000111100100100010110000010011101010001001111101001100110111', 0.4666666666666667);
INSERT INTO `userrecommend` VALUES ('10011', '0100010010111000000000111001110101101111101101001100000100101001', 0.4666666666666667);
INSERT INTO `userrecommend` VALUES ('10011', '0100110000111111011001011111100010111111011000111101001101101111', 0.4666666666666667);
INSERT INTO `userrecommend` VALUES ('10011', '0111011110000111011110010111001010101010110011010001001101110001', 0.4666666666666667);
INSERT INTO `userrecommend` VALUES ('10011', '0111110000110000101110111110111000100001110011100000010111101001', 0.4666666666666667);
INSERT INTO `userrecommend` VALUES ('10011', '1000010001000000100000111100111010010000111101110011110111001011', 0.4666666666666667);
INSERT INTO `userrecommend` VALUES ('10011', '1100111111110011010111101110101111111111011111101111101111110011', 0.4666666666666667);
INSERT INTO `userrecommend` VALUES ('10011', '1101000100000111111011100110000010010011101110001011101101111100', 0.4666666666666667);
INSERT INTO `userrecommend` VALUES ('10011', '1110011111111011111100101100110111100011110101011100111011011001', 0.4666666666666667);
INSERT INTO `userrecommend` VALUES ('10011', '1111010110111011111111110111101110100011011101111110111100111101', 0.3227486121839514);
INSERT INTO `userrecommend` VALUES ('10011', '1111010111100111111111111111000111110101111111011111000111111111', 0.3227486121839514);
INSERT INTO `userrecommend` VALUES ('10011', '1111111111111111111111111111111111111111111111111111111111111111', 0.3227486121839514);
INSERT INTO `userrecommend` VALUES ('10086', '0000000000000010100000010110000111011100111110111110001111111010', 0.3227486121839514);
INSERT INTO `userrecommend` VALUES ('10086', '0000000010000111000110111111001111101111011000011111111111110000', 0.3227486121839514);
INSERT INTO `userrecommend` VALUES ('10086', '0000000010110101111100110000110011010010001011011001101010110000', 0.3227486121839514);
INSERT INTO `userrecommend` VALUES ('10086', '0000000011011101101101110110011110001010101100110111110010111111', 0.6454972243679028);
INSERT INTO `userrecommend` VALUES ('10086', '0000001100000100000000000000000000000100000001110000010000000011', 0.3227486121839514);
INSERT INTO `userrecommend` VALUES ('10086', '0001011111000110001011010111111011000000001100011000001101010110', 0.3227486121839514);
INSERT INTO `userrecommend` VALUES ('10086', '0010000101111011011101101111111100100100110010100011110101010110', 0.6454972243679028);
INSERT INTO `userrecommend` VALUES ('10086', '0010010100111001001101100100101010110101011010100101011111100111', 0.3227486121839514);
INSERT INTO `userrecommend` VALUES ('10086', '0010101001011001000001001110001110110100111110111100010001000011', 0.3227486121839514);
INSERT INTO `userrecommend` VALUES ('10086', '0011111000111110100001010111110111000111011111111101110011111111', 0.6454972243679028);
INSERT INTO `userrecommend` VALUES ('10086', '0011111011010011110011000011101000010100110000111110110110000001', 0.3227486121839514);
INSERT INTO `userrecommend` VALUES ('10086', '0100000111100100100010110000010011101010001001111101001100110111', 0.3227486121839514);
INSERT INTO `userrecommend` VALUES ('10086', '0100010010111000000000111001110101101111101101001100000100101001', 0.3227486121839514);
INSERT INTO `userrecommend` VALUES ('10086', '0100110000111111011001011111100010111111011000111101001101101111', 0.3227486121839514);
INSERT INTO `userrecommend` VALUES ('10086', '0101111010101110100111000101010110111011111010011111011111111111', 0.6454972243679028);
INSERT INTO `userrecommend` VALUES ('10086', '0110010010100111010100001111111010101100110100010000101000010101', 0.3227486121839514);
INSERT INTO `userrecommend` VALUES ('10086', '0110010110000000110111110000111111110000100100100010011111010000', 0.3227486121839514);
INSERT INTO `userrecommend` VALUES ('10086', '0110101010000011100100001110001100000011000111001111111110000000', 0.6454972243679028);
INSERT INTO `userrecommend` VALUES ('10086', '0111010100111000000111011100000001010111101110101110011111011010', 0.3227486121839514);
INSERT INTO `userrecommend` VALUES ('10086', '0111011110000111011110010111001010101010110011010001001101110001', 0.3227486121839514);
INSERT INTO `userrecommend` VALUES ('10086', '0111101011100001101110000101011101001111001110110000010000010111', 0.3227486121839514);
INSERT INTO `userrecommend` VALUES ('10086', '0111110000110000101110111110111000100001110011100000010111101001', 0.3227486121839514);
INSERT INTO `userrecommend` VALUES ('10086', '1000000000011111000111110000000011110000101111001110011001111111', 0.6454972243679028);
INSERT INTO `userrecommend` VALUES ('10086', '1000010001000000100000111100111010010000111101110011110111001011', 0.3227486121839514);
INSERT INTO `userrecommend` VALUES ('10086', '1000010101100110001000010100110010111100000000101110010001111110', 0.3227486121839514);
INSERT INTO `userrecommend` VALUES ('10086', '1000100011010110110110011111101011100001110111001101001011011110', 0.3227486121839514);
INSERT INTO `userrecommend` VALUES ('10086', '1001010101010110001111111010111111000100110111111011000101100110', 0.3227486121839514);
INSERT INTO `userrecommend` VALUES ('10086', '1010111101000000101010000011100000000111111110000110010010100010', 0.6454972243679028);
INSERT INTO `userrecommend` VALUES ('10086', '1011110111110010000111010111001101110000100011101110011111010001', 0.3227486121839514);
INSERT INTO `userrecommend` VALUES ('10086', '1100001111110110111011100100000010011011111101001111011110111101', 0.6454972243679028);
INSERT INTO `userrecommend` VALUES ('10086', '1100111111110011010111101110101111111111011111101111101111110011', 0.3227486121839514);
INSERT INTO `userrecommend` VALUES ('10086', '1101000100000111111011100110000010010011101110001011101101111100', 0.3227486121839514);
INSERT INTO `userrecommend` VALUES ('10086', '1101101011100111001101000101010111101011000001111101100010100011', 0.3227486121839514);
INSERT INTO `userrecommend` VALUES ('10086', '1110011111111011111100101100110111100011110101011100111011011001', 0.3227486121839514);
INSERT INTO `userrecommend` VALUES ('10086', '1110101100010000000011011100010011100010011111011110010111110010', 0.3227486121839514);
INSERT INTO `userrecommend` VALUES ('10086', '1110111100010000010101011010100111111001011010101001011000001100', 0.3227486121839514);
INSERT INTO `userrecommend` VALUES ('10086', '1111001110000100111111011111100101110111111110101111111111111111', 0.3227486121839514);
INSERT INTO `userrecommend` VALUES ('10086', '1111010101011011100100100000000100111110111000001111001001101110', 0.3227486121839514);
INSERT INTO `userrecommend` VALUES ('10086', '1111111110001011011111110011101110111111111011111011011111001111', 0.3227486121839514);
INSERT INTO `userrecommend` VALUES ('10086', '1111111111111000111110101110110111100010111110011110111111110010', 0.6454972243679028);
INSERT INTO `userrecommend` VALUES ('10086', '1111111111111111111111111111111111000111111111111111111111111111', 0.3227486121839514);
INSERT INTO `userrecommend` VALUES ('admin', '0000001100000100000000000000000000000100000001110000010000000011', 0.4666666666666667);
INSERT INTO `userrecommend` VALUES ('admin', '0110010010100111010100001111111010101100110100010000101000010101', 0.4666666666666667);
INSERT INTO `userrecommend` VALUES ('admin', '0110010110000000110111110000111111110000100100100010011111010000', 0.4666666666666667);
INSERT INTO `userrecommend` VALUES ('admin', '0111010100111000000111011100000001010111101110101110011111011010', 0.4666666666666667);
INSERT INTO `userrecommend` VALUES ('admin', '0111101011100001101110000101011101001111001110110000010000010111', 0.8393446629166317);
INSERT INTO `userrecommend` VALUES ('admin', '1000010101100110001000010100110010111100000000101110010001111110', 0.4666666666666667);
INSERT INTO `userrecommend` VALUES ('admin', '1000100011010110110110011111101011100001110111001101001011011110', 0.4666666666666667);
INSERT INTO `userrecommend` VALUES ('admin', '1001010101010110001111111010111111000100110111111011000101100110', 0.4666666666666667);
INSERT INTO `userrecommend` VALUES ('admin', '1011110111110010000111010111001101110000100011101110011111010001', 0.4666666666666667);
INSERT INTO `userrecommend` VALUES ('admin', '1101101011100111001101000101010111101011000001111101100010100011', 0.4666666666666667);
INSERT INTO `userrecommend` VALUES ('admin', '1110101100010000000011011100010011100010011111011110010111110010', 0.4666666666666667);
INSERT INTO `userrecommend` VALUES ('admin', '1110111100010000010101011010100111111001011010101001011000001100', 0.4666666666666667);
INSERT INTO `userrecommend` VALUES ('admin', '1111001110000100111111011111100101110111111110101111111111111111', 0.4666666666666667);
INSERT INTO `userrecommend` VALUES ('admin', '1111010101011011100100100000000100111110111000001111001001101110', 0.4666666666666667);
INSERT INTO `userrecommend` VALUES ('admin', '1111010110111011111111110111101110100011011101111110111100111101', 0.3227486121839514);
INSERT INTO `userrecommend` VALUES ('admin', '1111010111100111111111111111000111110101111111011111000111111111', 0.3227486121839514);
INSERT INTO `userrecommend` VALUES ('admin', '1111111110001011011111110011101110111111111011111011011111001111', 0.4666666666666667);
INSERT INTO `userrecommend` VALUES ('admin', '1111111111111111111111111111111111000111111111111111111111111111', 0.4666666666666667);
INSERT INTO `userrecommend` VALUES ('admin', '1111111111111111111111111111111111111111111111111111111111111111', 0.3227486121839514);

-- ----------------------------
-- Table structure for usersimilarity
-- ----------------------------
DROP TABLE IF EXISTS `usersimilarity`;
CREATE TABLE `usersimilarity`  (
  `userA` varchar(20) CHARACTER SET utf8 COLLATE utf8_general_ci NOT NULL,
  `userB` varchar(20) CHARACTER SET utf8 COLLATE utf8_general_ci NOT NULL,
  `Similarity` double NULL DEFAULT NULL,
  PRIMARY KEY (`userB`, `userA`) USING BTREE,
  INDEX `userA`(`userA`) USING BTREE,
  CONSTRAINT `usersimilarity_ibfk_1` FOREIGN KEY (`userA`) REFERENCES `userinfo` (`uid`) ON DELETE RESTRICT ON UPDATE RESTRICT,
  CONSTRAINT `usersimilarity_ibfk_2` FOREIGN KEY (`userB`) REFERENCES `userinfo` (`uid`) ON DELETE RESTRICT ON UPDATE RESTRICT
) ENGINE = InnoDB CHARACTER SET = utf8 COLLATE = utf8_general_ci ROW_FORMAT = Dynamic;

-- ----------------------------
-- Records of usersimilarity
-- ----------------------------
INSERT INTO `usersimilarity` VALUES ('10011', '10010', 0.3779644730092272);
INSERT INTO `usersimilarity` VALUES ('10086', '10010', 0);
INSERT INTO `usersimilarity` VALUES ('admin', '10010', 0);
INSERT INTO `usersimilarity` VALUES ('10010', '10011', 0.3779644730092272);
INSERT INTO `usersimilarity` VALUES ('10086', '10011', 0.2857142857142857);
INSERT INTO `usersimilarity` VALUES ('admin', '10011', 0.0944911182523068);
INSERT INTO `usersimilarity` VALUES ('10010', '10086', 0);
INSERT INTO `usersimilarity` VALUES ('10011', '10086', 0.2857142857142857);
INSERT INTO `usersimilarity` VALUES ('admin', '10086', 0.1889822365046136);
INSERT INTO `usersimilarity` VALUES ('10010', 'admin', 0);
INSERT INTO `usersimilarity` VALUES ('10011', 'admin', 0.0944911182523068);
INSERT INTO `usersimilarity` VALUES ('10086', 'admin', 0.1889822365046136);

SET FOREIGN_KEY_CHECKS = 1;
